cohort	budget	seed	method	evaluation	operating_point	tasks	underallocations	underallocation_rate	coverage	requested_gib	shortfall_gib	positive_unused_gib	positive_unused_gib_hours_known_runtime	runtime_metric_tasks
rq4	0.05	1996	selective	after_first_update	native	17067	285	0.01669889259975391	0.9833011074002461	65567.1171875	391.9055503839627	45343.3900237605	31.88571604648891	17067
rq4	0.05	1996	selective	after_first_update	matched	17067	285	0.01669889259975391	0.9833011074002461	65567.1171875	391.9055503839627	45343.3900237605	31.88571604648891	17067
rq4	0.05	1996	random	after_first_update	native	17067	265	0.01552704048749048	0.9844729595125096	52967.5625	428.1746231075376	32780.10440898407	24.185884344373353	17067
rq4	0.05	1996	random	after_first_update	matched	17067	108	0.0063280014062225345	0.9936719985937774	65567.1171875	354.7011819438652	45306.185655320405	73.69530143488826	17067
rq4	0.05	1996	selective	all_batches	native	21337	346	0.01621596288137976	0.9837840371186203	212459.1982421875	449.476255800575	187065.0928298151	222.01619808320123	21337
rq4	0.05	1996	selective	all_batches	matched	21337	346	0.01621596288137976	0.9837840371186203	212459.1982421875	449.476255800575	187065.0928298151	222.01619808320123	21337
rq4	0.05	1996	random	all_batches	native	21337	326	0.01527862398650232	0.9847213760134976	199859.6435546875	485.74532852414995	174501.8072150387	214.3163663810857	21337
rq4	0.05	1996	random	all_batches	matched	21337	169	0.007920513661714392	0.9920794863382856	212459.1982421875	412.27188736047754	187027.88846137503	263.82578347160063	21337
rq4	0.05	1997	selective	after_first_update	native	17067	260	0.01523407745942462	0.9847659225405754	58913.427734375	420.95896835438907	38718.753988605924	33.204178121429976	17067
rq4	0.05	1997	selective	after_first_update	matched	17067	260	0.01523407745942462	0.9847659225405754	58913.427734375	420.95896835438907	38718.753988605924	33.204178121429976	17067
rq4	0.05	1997	random	after_first_update	native	17067	265	0.01552704048749048	0.9844729595125096	55418.259765625	395.5096351634711	35198.136686665006	31.485514546211974	17067
rq4	0.05	1997	random	after_first_update	matched	17067	875	0.05126852991152517	0.9487314700884748	58913.42773437501	523.5086935323429	38821.30371378388	41.44188704508316	17067
rq4	0.05	1997	selective	all_batches	native	21337	321	0.01504428926278296	0.984955710737217	205805.5087890625	478.5296737710014	180440.45679466054	223.33466015814236	21337
rq4	0.05	1997	selective	all_batches	matched	21337	321	0.01504428926278296	0.984955710737217	205805.5087890625	478.5296737710014	180440.45679466054	223.33466015814236	21337
rq4	0.05	1997	random	all_batches	native	21337	326	0.01527862398650232	0.9847213760134976	202310.3408203125	453.08034058008343	176919.83949271962	221.61599658292434	21337
rq4	0.05	1997	random	all_batches	matched	21337	936	0.04386746028026433	0.9561325397197357	205805.5087890625	581.0793989489553	180543.0065198385	231.57236908179553	21337
rq4	0.05	1998	selective	after_first_update	native	17067	271	0.015878596121169507	0.9841214038788305	74462.189453125	403.72171783354133	54250.278456835076	30.77734985877742	17067
rq4	0.05	1998	selective	after_first_update	matched	17067	271	0.015878596121169507	0.9841214038788305	74462.189453125	403.72171783354133	54250.278456835076	30.77734985877742	17067
rq4	0.05	1998	random	after_first_update	native	17067	358	0.02097615280951544	0.9790238471904845	57971.1845703125	446.41285019088537	37801.96470637992	26.184270229477374	17067
rq4	0.05	1998	random	after_first_update	matched	17067	189	0.011074002460889435	0.9889259975391106	74462.189453125	365.6779714615876	54212.23471046312	101.71220361142159	17067
rq4	0.05	1998	selective	all_batches	native	21337	332	0.015559825654965553	0.9844401743450345	221354.2705078125	461.29242325015366	195971.9812628897	220.90783189548975	21337
rq4	0.05	1998	selective	all_batches	matched	21337	332	0.015559825654965553	0.9844401743450345	221354.2705078125	461.29242325015366	195971.9812628897	220.90783189548975	21337
rq4	0.05	1998	random	all_batches	native	21337	419	0.01963724984768243	0.9803627501523176	204863.265625	503.9835556074977	179523.66751243453	216.31475226618974	21337
rq4	0.05	1998	random	all_batches	matched	21337	250	0.011716736185968036	0.988283263814032	221354.27050781253	423.2486768781999	195933.93751651773	291.84268564813397	21337
rq4	0.05	1999	selective	after_first_update	native	17067	284	0.01664029999414074	0.9833597000058593	53831.8876953125	374.22256011888385	33590.47754130792	27.815884455246255	17067
rq4	0.05	1999	selective	after_first_update	matched	17067	284	0.01664029999414074	0.9833597000058593	53831.8876953125	374.22256011888385	33590.47754130792	27.815884455246255	17067
rq4	0.05	1999	random	after_first_update	native	17067	315	0.01845667076814906	0.981543329231851	52970.3427734375	394.43340225331485	32749.14346156735	28.124137165607802	17067
rq4	0.05	1999	random	after_first_update	matched	17067	1392	0.0815609070135349	0.9184390929864651	53831.88769531249	545.0675447962509	33761.322525985284	35.96378216654886	17067
rq4	0.05	1999	selective	all_batches	native	21337	345	0.016169095936635892	0.9838309040633642	200723.96875	431.7932655354962	175312.18034736253	217.94636649195866	21337
rq4	0.05	1999	selective	all_batches	matched	21337	345	0.016169095936635892	0.9838309040633642	200723.96875	431.7932655354962	175312.18034736253	217.94636649195866	21337
rq4	0.05	1999	random	all_batches	native	21337	376	0.017621971223695927	0.9823780287763041	199862.423828125	452.0041076699272	174470.84626762196	218.25461920232013	21337
rq4	0.05	1999	random	all_batches	matched	21337	1453	0.06809767071284623	0.9319023292871538	200723.96875	602.6382502128633	175483.02533203992	226.09426420326122	21337
rq4	0.05	2000	selective	after_first_update	native	17067	265	0.01552704048749048	0.9844729595125096	58412.6630859375	375.98636856116354	38173.0167403752	27.272321699905888	17067
rq4	0.05	2000	selective	after_first_update	matched	17067	265	0.01552704048749048	0.9844729595125096	58412.6630859375	375.98636856116354	38173.0167403752	27.272321699905888	17067
rq4	0.05	2000	random	after_first_update	native	17067	267	0.01564422569871682	0.9843557743012832	53973.5478515625	391.44083023350686	33749.35596767254	25.956100965094443	17067
rq4	0.05	2000	random	after_first_update	matched	17067	1275	0.07470557215679381	0.9252944278432061	58412.6630859375	456.6166293694757	38253.64700118351	47.01605329176148	17067
rq4	0.05	2000	selective	all_batches	native	21337	326	0.01527862398650232	0.9847213760134976	205304.744140625	433.5570739777759	179894.7195464298	217.4028037366182	21337
rq4	0.05	2000	selective	all_batches	matched	21337	326	0.01527862398650232	0.9847213760134976	205304.744140625	433.5570739777759	179894.7195464298	217.4028037366182	21337
rq4	0.05	2000	random	all_batches	native	21337	328	0.015372357875990065	0.9846276421240099	200865.62890625	449.0115356501192	175471.05877372716	216.08658300180682	21337
rq4	0.05	2000	random	all_batches	matched	21337	1336	0.06261423817781318	0.9373857618221868	205304.744140625	514.187334786088	179975.34980723812	237.14653532847385	21337
rq4	0.1	1996	selective	after_first_update	native	17067	296	0.017343411261498798	0.9826565887385011	51652.015625	359.5718322722241	31395.95474314876	26.112197819176483	17067
rq4	0.1	1996	selective	after_first_update	matched	17067	296	0.017343411261498798	0.9826565887385011	51652.015625	359.5718322722241	31395.95474314876	26.112197819176483	17067
rq4	0.1	1996	random	after_first_update	native	17067	259	0.01517548485381145	0.9848245151461885	53468.3037109375	367.60276489239186	33220.27376170643	28.48250141012332	17067
rq4	0.1	1996	random	after_first_update	matched	17067	1504	0.0881232788422101	0.9118767211577898	51652.015625	455.632204802043	31492.01511567858	20.842595644329815	17067
rq4	0.1	1996	selective	all_batches	native	21337	357	0.016731499273562357	0.9832685007264377	198544.0966796875	417.14253768883646	173117.65754920337	216.24267985588884	21337
rq4	0.1	1996	selective	all_batches	matched	21337	357	0.016731499273562357	0.9832685007264377	198544.0966796875	417.14253768883646	173117.65754920337	216.24267985588884	21337
rq4	0.1	1996	random	all_batches	native	21337	320	0.014997422318039086	0.9850025776819609	200360.384765625	425.1734703090042	174941.97656776104	218.61298344683567	21337
rq4	0.1	1996	random	all_batches	matched	21337	1565	0.07334676852415992	0.9266532314758401	198544.09667968753	513.2029102186552	173213.7179217332	210.97307768104216	21337
rq4	0.1	1997	selective	after_first_update	native	17067	307	0.017987929923243686	0.9820120700767563	54334.6591796875	405.41901015955955	34124.445475723594	27.38455675652033	17067
rq4	0.1	1997	selective	after_first_update	matched	17067	307	0.017987929923243686	0.9820120700767563	54334.6591796875	405.41901015955955	34124.445475723594	27.38455675652033	17067
rq4	0.1	1997	random	after_first_update	native	17067	304	0.01781215210640417	0.9821878478935958	58082.337890625	389.82857284508646	37856.53374934662	25.166250268986015	17067
rq4	0.1	1997	random	after_first_update	matched	17067	1987	0.11642350735337201	0.883576492646628	54334.65917968749	824.0356461113777	34543.06211167541	19.758755884005037	17067
rq4	0.1	1997	selective	all_batches	native	21337	368	0.01724703566574495	0.9827529643342551	201226.740234375	462.9897155761719	175846.1482817782	217.51503879323266	21337
rq4	0.1	1997	selective	all_batches	matched	21337	368	0.01724703566574495	0.9827529643342551	201226.740234375	462.9897155761719	175846.1482817782	217.51503879323266	21337
rq4	0.1	1997	random	all_batches	native	21337	365	0.017106434831513334	0.9828935651684867	204974.4189453125	447.3992782616988	179578.23655540124	215.29673230569838	21337
rq4	0.1	1997	random	all_batches	matched	21337	2048	0.09598350283545015	0.9040164971645498	201226.740234375	881.6063515279899	176264.76491773003	209.88923792071736	21337
rq4	0.1	1998	selective	after_first_update	native	17067	254	0.014882521825745591	0.9851174781742544	53963.4619140625	392.9599891640246	33740.78918910306	31.209147196568704	17067
rq4	0.1	1998	selective	after_first_update	matched	17067	254	0.014882521825745591	0.9851174781742544	53963.4619140625	392.9599891640246	33740.78918910306	31.209147196568704	17067
rq4	0.1	1998	random	after_first_update	native	17067	265	0.01552704048749048	0.9844729595125096	53601.9072265625	368.9054283136502	33355.179940752685	25.243642543867292	17067
rq4	0.1	1998	random	after_first_update	matched	17067	363	0.021269115837581298	0.9787308841624187	53963.4619140625	365.24551833741344	33713.074718276446	26.433373223682725	17067
rq4	0.1	1998	selective	all_batches	native	21337	315	0.014763087594319727	0.9852369124056802	200855.54296875	450.5306945806369	175462.49199515767	221.3396292332811	21337
rq4	0.1	1998	selective	all_batches	matched	21337	315	0.014763087594319727	0.9852369124056802	200855.54296875	450.5306945806369	175462.49199515767	221.3396292332811	21337
rq4	0.1	1998	random	all_batches	native	21337	326	0.01527862398650232	0.9847213760134976	200493.98828125	426.4761337302625	175076.8827468073	215.37412458057966	21337
rq4	0.1	1998	random	all_batches	matched	21337	424	0.01987158457140179	0.9801284154285982	200855.54296875	422.8162237540258	175434.77752433106	216.5638552603951	21337
rq4	0.1	1999	selective	after_first_update	native	17067	264	0.015468447881877307	0.9845315521181227	62466.625	395.50559310708195	42246.49787898362	28.063744269728776	17067
rq4	0.1	1999	selective	after_first_update	matched	17067	264	0.015468447881877307	0.9845315521181227	62466.625	395.50559310708195	42246.49787898362	28.063744269728776	17067
rq4	0.1	1999	random	after_first_update	native	17067	289	0.016933263022206598	0.9830667369777935	50454.4423828125	403.0757408151403	30241.885409504175	25.073685842367393	17067
rq4	0.1	1999	random	after_first_update	matched	17067	1835	0.10751743130016991	0.8924825686998301	62466.625	1186.321653680376	43037.31393955691	92.74861405956425	17067
rq4	0.1	1999	selective	all_batches	native	21337	325	0.015231757041758448	0.9847682429582415	209358.7060546875	453.0762985236943	183968.20068503823	218.19422630644115	21337
rq4	0.1	1999	selective	all_batches	matched	21337	325	0.015231757041758448	0.9847682429582415	209358.7060546875	453.0762985236943	183968.20068503823	218.19422630644115	21337
rq4	0.1	1999	random	all_batches	native	21337	350	0.01640343066035525	0.9835965693396448	197346.5234375	460.64644623175263	171963.5882155588	215.20416787907976	21337
rq4	0.1	1999	random	all_batches	matched	21337	1896	0.0888597272343816	0.9111402727656184	209358.7060546875	1243.8923590969882	184759.01674561153	282.87909609627656	21337
rq4	0.1	2000	selective	after_first_update	native	17067	290	0.01699185562781977	0.9830081443721802	71159.123046875	408.5618446348235	50952.05217738636	29.71485027977815	17067
rq4	0.1	2000	selective	after_first_update	matched	17067	290	0.01699185562781977	0.9830081443721802	71159.123046875	408.5618446348235	50952.05217738636	29.71485027977815	17067
rq4	0.1	2000	random	after_first_update	native	17067	264	0.015468447881877307	0.9845315521181227	53929.548828125	340.00171127263457	33653.91782527417	24.883377415986004	17067
rq4	0.1	2000	random	after_first_update	matched	17067	762	0.04464756547723677	0.9553524345227632	71159.123046875	332.1538959700805	50875.64422872161	92.33475567203466	17067
rq4	0.1	2000	selective	all_batches	native	21337	351	0.016450297605099123	0.9835497023949009	218051.2041015625	466.1325500514358	192673.75498344097	219.8453323164905	21337
rq4	0.1	2000	selective	all_batches	matched	21337	351	0.016450297605099123	0.9835497023949009	218051.2041015625	466.1325500514358	192673.75498344097	219.8453323164905	21337
rq4	0.1	2000	random	all_batches	native	21337	325	0.015231757041758448	0.9847682429582415	200821.6298828125	397.5724166892469	175375.62063132878	215.01385945269834	21337
rq4	0.1	2000	random	all_batches	matched	21337	823	0.03857149552420678	0.9614285044757932	218051.2041015625	389.7246013866928	192597.34703477626	282.465237708747	21337
rq4	0.2	1996	selective	after_first_update	native	17067	264	0.015468447881877307	0.9845315521181227	53368.43359375	412.15152205806226	33164.9524016846	24.518866481881116	17067
rq4	0.2	1996	selective	after_first_update	matched	17067	264	0.015468447881877307	0.9845315521181227	53368.43359375	412.15152205806226	33164.9524016846	24.518866481881116	17067
rq4	0.2	1996	random	after_first_update	native	17067	313	0.018339485556922715	0.9816605144430773	57078.75390625	374.65611190069467	36837.77730402723	34.81829837594352	17067
rq4	0.2	1996	random	after_first_update	matched	17067	2028	0.11882580418351205	0.8811741958164879	53368.43359374999	912.4805338804042	33665.28141350694	29.782280654286474	17067
rq4	0.2	1996	selective	all_batches	native	21337	325	0.015231757041758448	0.9847682429582415	200260.5146484375	469.7222274746746	174886.6552077392	214.64934851859346	21337
rq4	0.2	1996	selective	all_batches	matched	21337	325	0.015231757041758448	0.9847682429582415	200260.5146484375	469.7222274746746	174886.6552077392	214.64934851859346	21337
rq4	0.2	1996	random	all_batches	native	21337	374	0.017528237334208184	0.9824717626657918	203970.8349609375	432.226817317307	178559.48011008184	224.94878041265588	21337
rq4	0.2	1996	random	all_batches	matched	21337	2089	0.09790504756994892	0.9020949524300511	200260.5146484375	970.0512392970163	175386.98421956156	219.91276269099885	21337
rq4	0.2	1997	selective	after_first_update	native	17067	268	0.015702818304329992	0.98429718169567	51449.474609375	390.7409202577546	31224.58281550929	24.198767324362716	17067
rq4	0.2	1997	selective	after_first_update	matched	17067	268	0.015702818304329992	0.98429718169567	51449.474609375	390.7409202577546	31224.58281550929	24.198767324362716	17067
rq4	0.2	1997	random	after_first_update	native	17067	319	0.018691041190601745	0.9813089588093983	49068.4169921875	372.2537376405671	28825.038015704602	24.88562537356351	17067
rq4	0.2	1997	random	after_first_update	matched	17067	838	0.04910060350383782	0.9508993964961622	51449.47460937499	389.2617803484372	31223.103675599974	34.85386629018547	17067
rq4	0.2	1997	selective	all_batches	native	21337	329	0.015419224820733936	0.984580775179266	198341.5556640625	448.31162567436695	172946.2856215639	214.32924936107506	21337
rq4	0.2	1997	selective	all_batches	matched	21337	329	0.015419224820733936	0.984580775179266	198341.5556640625	448.31162567436695	172946.2856215639	214.32924936107506	21337
rq4	0.2	1997	random	all_batches	native	21337	380	0.017809439002671415	0.9821905609973286	195960.498046875	429.82444305717945	170546.74082175922	215.01610741027585	21337
rq4	0.2	1997	random	all_batches	matched	21337	899	0.04213338332474106	0.957866616675259	198341.5556640625	446.83248576504946	172944.80648165458	224.98434832689784	21337
rq4	0.2	1998	selective	after_first_update	native	17067	260	0.01523407745942462	0.9847659225405754	57786.96484375	390.3761314386502	37561.708261065185	29.968797741957577	17067
rq4	0.2	1998	selective	after_first_update	matched	17067	260	0.01523407745942462	0.9847659225405754	57786.96484375	390.3761314386502	37561.708261065185	29.968797741957577	17067
rq4	0.2	1998	random	after_first_update	native	17067	345	0.02021444893654421	0.9797855510634558	52772.95703125	410.52537460345775	32567.849691729993	27.565545511033047	17067
rq4	0.2	1998	random	after_first_update	matched	17067	144	0.008437335208296712	0.9915626647917033	57786.96484375001	375.2477821303291	37546.57991175687	46.26932440344756	17067
rq4	0.2	1998	selective	all_batches	native	21337	321	0.01504428926278296	0.984955710737217	204679.0458984375	447.9468368552625	179283.4110671198	220.09927977866994	21337
rq4	0.2	1998	selective	all_batches	matched	21337	321	0.01504428926278296	0.984955710737217	204679.0458984375	447.9468368552625	179283.4110671198	220.09927977866994	21337
rq4	0.2	1998	random	all_batches	native	21337	406	0.019027979566012092	0.9809720204339879	199665.0380859375	468.0960800200701	174289.5524977846	217.69602754774542	21337
rq4	0.2	1998	random	all_batches	matched	21337	205	0.00960772367249379	0.9903922763275063	204679.0458984375	432.8184875469414	179268.28271781147	236.39980644015992	21337
rq4	0.2	1999	selective	after_first_update	native	17067	287	0.016816077810980254	0.9831839221890197	55380.4990234375	398.1688438374549	35163.03515315149	32.97667576777849	17067
rq4	0.2	1999	selective	after_first_update	matched	17067	287	0.016816077810980254	0.9831839221890197	55380.4990234375	398.1688438374549	35163.03515315149	32.97667576777849	17067
rq4	0.2	1999	random	after_first_update	native	17067	251	0.014706744008906076	0.985293255991094	55701.9716796875	406.6362571772188	35492.975222741254	28.794348764183436	17067
rq4	0.2	1999	random	after_first_update	matched	17067	712	0.04171793519657819	0.9582820648034218	55380.4990234375	431.56900707895664	35196.43531639299	28.6457257123029	17067
rq4	0.2	1999	selective	all_batches	native	21337	348	0.016309696770867507	0.9836903032291325	202272.580078125	455.73954925406724	176884.7379592061	223.10715780449084	21337
rq4	0.2	1999	selective	all_batches	matched	21337	348	0.016309696770867507	0.9836903032291325	202272.580078125	455.73954925406724	176884.7379592061	223.10715780449084	21337
rq4	0.2	1999	random	all_batches	native	21337	312	0.01462248676008811	0.9853775132399119	202594.052734375	464.2069625938311	177214.67802879587	218.92483080089576	21337
rq4	0.2	1999	random	all_batches	matched	21337	773	0.03622814828701317	0.9637718517129868	202272.580078125	489.1397124955689	176918.13812244762	218.77620774901524	21337
rq4	0.2	2000	selective	after_first_update	native	17067	250	0.014648151403292904	0.9853518485967071	54015.138671875	376.27755966503173	33775.78351741657	25.54370884355074	17067
rq4	0.2	2000	selective	after_first_update	matched	17067	250	0.014648151403292904	0.9853518485967071	54015.138671875	376.27755966503173	33775.78351741657	25.54370884355074	17067
rq4	0.2	2000	random	after_first_update	native	17067	301	0.017636374289564657	0.9823636257104353	50994.65625	417.80716705787927	30796.830702934414	30.477946504734938	17067
rq4	0.2	2000	random	after_first_update	matched	17067	198	0.011601335911407981	0.988398664088592	54015.138671875	387.3086965009685	33786.81465425251	42.85840727630343	17067
rq4	0.2	2000	selective	all_batches	native	21337	311	0.014575619815344238	0.9854243801846557	200907.2197265625	433.84826508164406	175497.48632347118	215.67419088026313	21337
rq4	0.2	2000	selective	all_batches	matched	21337	311	0.014575619815344238	0.9854243801846557	200907.2197265625	433.84826508164406	175497.48632347118	215.67419088026313	21337
rq4	0.2	2000	random	all_batches	native	21337	362	0.01696583399728172	0.9830341660027183	197886.7373046875	475.3778724744916	172518.53350898903	220.6084285414473	21337
rq4	0.2	2000	random	all_batches	matched	21337	259	0.012138538688662886	0.9878614613113371	200907.2197265625	444.8794019175808	175508.5174603071	232.98888931301582	21337
rq4	0.3	1996	selective	after_first_update	native	17067	259	0.01517548485381145	0.9848245151461885	59106.5712890625	371.1512535093352	38862.08982844837	29.454196238500106	17067
rq4	0.3	1996	selective	after_first_update	matched	17067	259	0.01517548485381145	0.9848245151461885	59106.5712890625	371.1512535093352	38862.08982844837	29.454196238500106	17067
rq4	0.3	1996	random	after_first_update	native	17067	311	0.018222300345696375	0.9817776996543036	52949.7294921875	398.98269882053137	32733.079476884566	25.70527747448349	17067
rq4	0.3	1996	random	after_first_update	matched	17067	426	0.02496044999121111	0.9750395500087888	59106.5712890625	381.0458008832916	38871.98437582233	50.033429336462135	17067
rq4	0.3	1996	selective	all_batches	native	21337	320	0.014997422318039086	0.9850025776819609	205998.65234375	428.72195892594755	180583.79263450298	219.58467827521244	21337
rq4	0.3	1996	selective	all_batches	matched	21337	320	0.014997422318039086	0.9850025776819609	205998.65234375	428.72195892594755	180583.79263450298	219.58467827521244	21337
rq4	0.3	1996	random	all_batches	native	21337	372	0.017434503444720438	0.9825654965552796	199841.810546875	456.5534042371437	174454.78228293918	215.83575951119587	21337
rq4	0.3	1996	random	all_batches	matched	21337	487	0.022824202090265734	0.9771757979097343	205998.65234375003	438.61650629990396	180593.68718187694	240.16391137317447	21337
rq4	0.3	1997	selective	after_first_update	native	17067	293	0.017167633444659283	0.9828323665553407	53951.494140625	362.6600791886449	33698.52150569018	26.85109518867175	17067
rq4	0.3	1997	selective	after_first_update	matched	17067	293	0.017167633444659283	0.9828323665553407	53951.494140625	362.6600791886449	33698.52150569018	26.85109518867175	17067
rq4	0.3	1997	random	after_first_update	native	17067	328	0.019218374641120292	0.9807816253588797	55681.5126953125	384.33201523218304	35450.21199642122	26.507272950182397	17067
rq4	0.3	1997	random	after_first_update	matched	17067	3185	0.1866174488779516	0.8133825511220484	53951.494140625	1248.107561238689	34583.96898774023	34.97023130171052	17067
rq4	0.3	1997	selective	all_batches	native	21337	354	0.01659089843933074	0.9834091015606693	200843.5751953125	420.2307846052572	175420.2243117448	216.98157722538411	21337
rq4	0.3	1997	selective	all_batches	matched	21337	354	0.01659089843933074	0.9834091015606693	200843.5751953125	420.2307846052572	175420.2243117448	216.98157722538411	21337
rq4	0.3	1997	random	all_batches	native	21337	389	0.018231241505366265	0.9817687584946337	202573.59375	441.90272064879537	177171.91480247583	216.63775498689475	21337
rq4	0.3	1997	random	all_batches	matched	21337	3246	0.152130102638609	0.847869897361391	200843.5751953125	1305.6782666553013	176305.67179379484	225.10071333842288	21337
rq4	0.3	1998	selective	after_first_update	native	17067	343	0.020097263725317865	0.9799027362746822	55370.6884765625	382.0585228027776	35137.11428524181	28.783615037328925	17067
rq4	0.3	1998	selective	after_first_update	matched	17067	343	0.020097263725317865	0.9799027362746822	55370.6884765625	382.0585228027776	35137.11428524181	28.783615037328925	17067
rq4	0.3	1998	random	after_first_update	native	17067	258	0.015116892248198278	0.9848831077518018	56432.666015625	389.2460533203557	36206.27935482189	33.31705050988859	17067
rq4	0.3	1998	random	after_first_update	matched	17067	1659	0.09720513271225172	0.9027948672877483	55370.6884765625	819.5063420438094	35574.562104482844	39.77319733808121	17067
rq4	0.3	1998	selective	all_batches	native	21337	404	0.018934245676524346	0.9810657543234756	202262.76953125	439.6292282193899	176858.81709129643	218.91409707404128	21337
rq4	0.3	1998	selective	all_batches	matched	21337	404	0.018934245676524346	0.9810657543234756	202262.76953125	439.6292282193899	176858.81709129643	218.91409707404128	21337
rq4	0.3	1998	random	all_batches	native	21337	319	0.014950555373295215	0.9850494446267047	203324.7470703125	446.81675873696804	177927.9821608765	223.4475325466009	21337
rq4	0.3	1998	random	all_batches	matched	21337	1720	0.08061114495946009	0.9193888550405399	202262.76953125	877.0770474604217	177296.26491053746	229.9036793747936	21337
rq4	0.3	1999	selective	after_first_update	native	17067	262	0.015351262670650965	0.984648737329349	53610.001953125	372.1735923755914	33366.542831377126	28.20763685903963	17067
rq4	0.3	1999	selective	after_first_update	matched	17067	262	0.015351262670650965	0.984648737329349	53610.001953125	372.1735923755914	33366.542831377126	28.20763685903963	17067
rq4	0.3	1999	random	after_first_update	native	17067	335	0.019628522880412492	0.9803714771195875	51489.9697265625	429.91437301412225	31304.251385453157	25.899872275206825	17067
rq4	0.3	1999	random	after_first_update	matched	17067	682	0.03996015702818304	0.960039842971817	53610.001953125	430.37413256757003	33424.74337156911	38.097612217424214	17067
rq4	0.3	1999	selective	all_batches	native	21337	323	0.015138023152270703	0.9848619768477292	200502.0830078125	429.7442977922037	175088.24563743174	218.33811889575202	21337
rq4	0.3	1999	selective	all_batches	matched	21337	323	0.015138023152270703	0.9848619768477292	200502.0830078125	429.7442977922037	175088.24563743174	218.33811889575202	21337
rq4	0.3	1999	random	all_batches	native	21337	396	0.01855931011857337	0.9814406898814266	198382.05078125	487.4850784307346	173025.95419150777	216.03035431191918	21337
rq4	0.3	1999	random	all_batches	matched	21337	743	0.034822139944697	0.965177860055303	200502.0830078125	487.9448379841824	175146.4461776237	228.22809425413658	21337
rq4	0.3	2000	selective	after_first_update	native	17067	241	0.01412081795277436	0.9858791820472257	55110.2744140625	364.6327720656991	34859.274472004734	37.4810327720405	17067
rq4	0.3	2000	selective	after_first_update	matched	17067	241	0.01412081795277436	0.9858791820472257	55110.2744140625	364.6327720656991	34859.274472004734	37.4810327720405	17067
rq4	0.3	2000	random	after_first_update	native	17067	314	0.01839807816253589	0.9816019218374641	51740.1220703125	418.0664878860116	31542.555844075046	29.666202640795106	17067
rq4	0.3	2000	random	after_first_update	matched	17067	360	0.021093338020741783	0.9789066619792582	55110.2744140625	386.9310590750182	34881.57275901405	47.2813514987691	17067
rq4	0.3	2000	selective	all_batches	native	21337	302	0.014153817312649388	0.9858461826873506	202002.35546875	422.2034774823114	176580.97727805935	227.61151480875287	21337
rq4	0.3	2000	selective	all_batches	matched	21337	302	0.014153817312649388	0.9858461826873506	202002.35546875	422.2034774823114	176580.97727805935	227.61151480875287	21337
rq4	0.3	2000	random	all_batches	native	21337	375	0.017575104278952054	0.982424895721048	198632.203125	475.6371933026239	173264.25865012966	219.79668467750747	21337
rq4	0.3	2000	random	all_batches	matched	21337	421	0.019730983737170173	0.9802690162628298	202002.35546875	444.5017644916305	176603.27556506864	237.41183353548146	21337
rq4	0.5	1996	selective	after_first_update	native	17067	318	0.018632448584988574	0.9813675514150114	51230.650390625	368.9154869103804	30983.933163411915	41.68856041528432	17067
rq4	0.5	1996	selective	after_first_update	matched	17067	318	0.018632448584988574	0.9813675514150114	51230.650390625	368.9154869103804	30983.933163411915	41.68856041528432	17067
rq4	0.5	1996	random	after_first_update	native	17067	294	0.017226226050272457	0.9827737739497275	52846.8798828125	352.5058616641909	32583.753030353226	25.157518696460954	17067
rq4	0.5	1996	random	after_first_update	matched	17067	2155	0.12626706509638483	0.8737329349036151	51230.650390625	875.622490008113	31490.640166509645	24.21177585607129	17067
rq4	0.5	1996	selective	all_batches	native	21337	379	0.017762572057927542	0.9822374279420725	198122.7314453125	426.48619232699275	172705.63596946653	231.81904245199664	21337
rq4	0.5	1996	selective	all_batches	matched	21337	379	0.017762572057927542	0.9822374279420725	198122.7314453125	426.48619232699275	172705.63596946653	231.81904245199664	21337
rq4	0.5	1996	random	all_batches	native	21337	355	0.01663776538407461	0.9833622346159254	199738.9609375	410.0765670808032	174305.45583640784	215.28800073317333	21337
rq4	0.5	1996	random	all_batches	matched	21337	2216	0.10385714955242067	0.8961428504475794	198122.7314453125	933.1931954247253	173212.34297256425	214.34225789278364	21337
rq4	0.5	1997	selective	after_first_update	native	17067	260	0.01523407745942462	0.9847659225405754	51419.4541015625	394.0353904720396	31197.856777911074	26.482091684069264	17067
rq4	0.5	1997	selective	after_first_update	matched	17067	260	0.01523407745942462	0.9847659225405754	51419.4541015625	394.0353904720396	31197.856777911074	26.482091684069264	17067
rq4	0.5	1997	random	after_first_update	native	17067	305	0.017870744712017342	0.9821292552879827	53865.7978515625	368.6505287177861	33618.81566615682	35.04263582211068	17067
rq4	0.5	1997	random	after_first_update	matched	17067	2116	0.12398195347747114	0.8760180465225289	51419.4541015625	1103.0007076664367	31906.82209510547	33.2452597638419	17067
rq4	0.5	1997	selective	all_batches	native	21337	321	0.01504428926278296	0.984955710737217	198311.53515625	451.6060958886519	172919.5595839657	216.61257372078165	21337
rq4	0.5	1997	selective	all_batches	matched	21337	321	0.01504428926278296	0.984955710737217	198311.53515625	451.6060958886519	172919.5595839657	216.61257372078165	21337
rq4	0.5	1997	random	all_batches	native	21337	366	0.017153301776257207	0.9828466982237428	200757.87890625	426.2212341343984	175340.51847221144	225.17311785882308	21337
rq4	0.5	1997	random	all_batches	matched	21337	2177	0.10202933870740967	0.8979706612925903	198311.53515625	1160.571413083049	173628.52490116007	223.37574180055427	21337
rq4	0.5	1998	selective	after_first_update	native	17067	266	0.01558563309310365	0.9844143669068963	54575.859375	378.1934410119429	34338.42010188848	27.53216283886553	17067
rq4	0.5	1998	selective	after_first_update	matched	17067	266	0.01558563309310365	0.9844143669068963	54575.859375	378.1934410119429	34338.42010188848	27.53216283886553	17067
rq4	0.5	1998	random	after_first_update	native	17067	272	0.01593718872678268	0.9840628112732174	58666.16796875	371.80170058924705	38422.33695521578	33.467954146637474	17067
rq4	0.5	1998	random	after_first_update	matched	17067	2033	0.1191187672115779	0.8808812327884221	54575.85937499999	1285.0115103618552	35245.23817123839	37.366931474771455	17067
rq4	0.5	1998	selective	all_batches	native	21337	327	0.015325490931246192	0.9846745090687538	201467.9404296875	435.76414642855525	176060.1229079431	217.66264487557788	21337
rq4	0.5	1998	selective	all_batches	matched	21337	327	0.015325490931246192	0.9846745090687538	201467.9404296875	435.76414642855525	176060.1229079431	217.66264487557788	21337
rq4	0.5	1998	random	all_batches	native	21337	333	0.015606692599709425	0.9843933074002906	205558.2490234375	429.3724060058594	180144.0397612704	223.59843618334983	21337
rq4	0.5	1998	random	all_batches	matched	21337	2094	0.09813938229366828	0.9018606177063317	201467.94042968747	1342.5822157784673	176966.940977293	227.49741351148384	21337
rq4	0.5	1999	selective	after_first_update	native	17067	344	0.020155856330931036	0.9798441436690689	54221.5029296875	370.7343322727829	33976.60454783682	27.064182789652357	17067
rq4	0.5	1999	selective	after_first_update	matched	17067	344	0.020155856330931036	0.9798441436690689	54221.5029296875	370.7343322727829	33976.60454783682	27.064182789652357	17067
rq4	0.5	1999	random	after_first_update	native	17067	299	0.017519189078338313	0.9824808109216617	50451.466796875	377.7642883276567	30213.59837107919	29.286591126487806	17067
rq4	0.5	1999	random	after_first_update	matched	17067	400	0.023437042245268647	0.9765629577547313	54221.50292968751	353.2254661793437	33959.09568174338	44.86945935639503	17067
rq4	0.5	1999	selective	all_batches	native	21337	405	0.01898111262126822	0.9810188873787318	201113.583984375	428.30503768939525	175698.30735389143	217.19466482636474	21337
rq4	0.5	1999	selective	all_batches	matched	21337	405	0.01898111262126822	0.9810188873787318	201113.583984375	428.30503768939525	175698.30735389143	217.19466482636474	21337
rq4	0.5	1999	random	all_batches	native	21337	360	0.016872100107793973	0.9831278998922061	197343.5478515625	435.334993744269	171935.3011771338	219.41707316320017	21337
rq4	0.5	1999	random	all_batches	matched	21337	461	0.02160566152692506	0.9783943384730749	201113.583984375	410.796171595956	175680.798487798	234.99994139310738	21337
rq4	0.5	2000	selective	after_first_update	native	17067	310	0.0181637077400832	0.9818362922599168	56151.14453125	364.5481040980667	35900.0599212246	40.53837312001708	17067
rq4	0.5	2000	selective	after_first_update	matched	17067	310	0.0181637077400832	0.9818362922599168	56151.14453125	364.5481040980667	35900.0599212246	40.53837312001708	17067
rq4	0.5	2000	random	after_first_update	native	17067	254	0.014882521825745591	0.9851174781742544	53994.2412109375	361.7000915557146	33740.30858836975	30.390748967003926	17067
rq4	0.5	2000	random	after_first_update	matched	17067	1953	0.11443135876252417	0.8855686412374758	56151.14453124999	678.6359207307373	36214.14773785727	38.93948138713423	17067
rq4	0.5	2000	selective	all_batches	native	21337	371	0.017387636499976565	0.9826123635000235	203043.2255859375	422.118809514679	177621.76272727922	230.6688551567294	21337
rq4	0.5	2000	selective	all_batches	matched	21337	371	0.017387636499976565	0.9826123635000235	203043.2255859375	422.118809514679	177621.76272727922	230.6688551567294	21337
rq4	0.5	2000	random	all_batches	native	21337	315	0.014763087594319727	0.9852369124056802	200886.322265625	419.27079697232693	175462.01139442436	220.52123100371628	21337
rq4	0.5	2000	random	all_batches	matched	21337	2014	0.0943900267141585	0.9056099732858415	203043.2255859375	736.2066261473497	177935.8505439119	229.0699634238466	21337
