run_accession	study_accession	fastq1_url	fastq2_url	fastq1_bytes	fastq2_bytes	chunks
ERR1094399	PRJEB11501	https://ftp.sra.ebi.ac.uk/vol1/fastq/ERR109/009/ERR1094399/ERR1094399_1.fastq.gz	https://ftp.sra.ebi.ac.uk/vol1/fastq/ERR109/009/ERR1094399/ERR1094399_2.fastq.gz	219847364	225818458	52
ERR1094404	PRJEB11501	https://ftp.sra.ebi.ac.uk/vol1/fastq/ERR109/004/ERR1094404/ERR1094404_1.fastq.gz	https://ftp.sra.ebi.ac.uk/vol1/fastq/ERR109/004/ERR1094404/ERR1094404_2.fastq.gz	218526873	223682391	52
ERR1094385	PRJEB11501	https://ftp.sra.ebi.ac.uk/vol1/fastq/ERR109/005/ERR1094385/ERR1094385_1.fastq.gz	https://ftp.sra.ebi.ac.uk/vol1/fastq/ERR109/005/ERR1094385/ERR1094385_2.fastq.gz	218380357	222919781	52
ERR1094388	PRJEB11501	https://ftp.sra.ebi.ac.uk/vol1/fastq/ERR109/008/ERR1094388/ERR1094388_1.fastq.gz	https://ftp.sra.ebi.ac.uk/vol1/fastq/ERR109/008/ERR1094388/ERR1094388_2.fastq.gz	216763278	224307467	52
ERR1094398	PRJEB11501	https://ftp.sra.ebi.ac.uk/vol1/fastq/ERR109/008/ERR1094398/ERR1094398_1.fastq.gz	https://ftp.sra.ebi.ac.uk/vol1/fastq/ERR109/008/ERR1094398/ERR1094398_2.fastq.gz	215761636	221882368	52
ERR1094390	PRJEB11501	https://ftp.sra.ebi.ac.uk/vol1/fastq/ERR109/000/ERR1094390/ERR1094390_1.fastq.gz	https://ftp.sra.ebi.ac.uk/vol1/fastq/ERR109/000/ERR1094390/ERR1094390_2.fastq.gz	215865793	220176068	52
ERR1094263	PRJEB11501	https://ftp.sra.ebi.ac.uk/vol1/fastq/ERR109/003/ERR1094263/ERR1094263_1.fastq.gz	https://ftp.sra.ebi.ac.uk/vol1/fastq/ERR109/003/ERR1094263/ERR1094263_2.fastq.gz	214499647	220542472	52
ERR1094374	PRJEB11501	https://ftp.sra.ebi.ac.uk/vol1/fastq/ERR109/004/ERR1094374/ERR1094374_1.fastq.gz	https://ftp.sra.ebi.ac.uk/vol1/fastq/ERR109/004/ERR1094374/ERR1094374_2.fastq.gz	213314532	219652818	52
ERR1094386	PRJEB11501	https://ftp.sra.ebi.ac.uk/vol1/fastq/ERR109/006/ERR1094386/ERR1094386_1.fastq.gz	https://ftp.sra.ebi.ac.uk/vol1/fastq/ERR109/006/ERR1094386/ERR1094386_2.fastq.gz	213172335	219606936	52
ERR1094405	PRJEB11501	https://ftp.sra.ebi.ac.uk/vol1/fastq/ERR109/005/ERR1094405/ERR1094405_1.fastq.gz	https://ftp.sra.ebi.ac.uk/vol1/fastq/ERR109/005/ERR1094405/ERR1094405_2.fastq.gz	213847467	217556533	52
ERR1094396	PRJEB11501	https://ftp.sra.ebi.ac.uk/vol1/fastq/ERR109/006/ERR1094396/ERR1094396_1.fastq.gz	https://ftp.sra.ebi.ac.uk/vol1/fastq/ERR109/006/ERR1094396/ERR1094396_2.fastq.gz	212183411	219082200	52
ERR1094498	PRJEB11501	https://ftp.sra.ebi.ac.uk/vol1/fastq/ERR109/008/ERR1094498/ERR1094498_1.fastq.gz	https://ftp.sra.ebi.ac.uk/vol1/fastq/ERR109/008/ERR1094498/ERR1094498_2.fastq.gz	212591783	217939552	52
ERR1094283	PRJEB11501	https://ftp.sra.ebi.ac.uk/vol1/fastq/ERR109/003/ERR1094283/ERR1094283_1.fastq.gz	https://ftp.sra.ebi.ac.uk/vol1/fastq/ERR109/003/ERR1094283/ERR1094283_2.fastq.gz	212848708	217026707	52
ERR1094253	PRJEB11501	https://ftp.sra.ebi.ac.uk/vol1/fastq/ERR109/003/ERR1094253/ERR1094253_1.fastq.gz	https://ftp.sra.ebi.ac.uk/vol1/fastq/ERR109/003/ERR1094253/ERR1094253_2.fastq.gz	211581339	217573585	52
ERR1094395	PRJEB11501	https://ftp.sra.ebi.ac.uk/vol1/fastq/ERR109/005/ERR1094395/ERR1094395_1.fastq.gz	https://ftp.sra.ebi.ac.uk/vol1/fastq/ERR109/005/ERR1094395/ERR1094395_2.fastq.gz	212322793	216461686	52
ERR1094499	PRJEB11501	https://ftp.sra.ebi.ac.uk/vol1/fastq/ERR109/009/ERR1094499/ERR1094499_1.fastq.gz	https://ftp.sra.ebi.ac.uk/vol1/fastq/ERR109/009/ERR1094499/ERR1094499_2.fastq.gz	211631291	216840617	52
ERR1094275	PRJEB11501	https://ftp.sra.ebi.ac.uk/vol1/fastq/ERR109/005/ERR1094275/ERR1094275_1.fastq.gz	https://ftp.sra.ebi.ac.uk/vol1/fastq/ERR109/005/ERR1094275/ERR1094275_2.fastq.gz	212250479	216039562	52
ERR1094276	PRJEB11501	https://ftp.sra.ebi.ac.uk/vol1/fastq/ERR109/006/ERR1094276/ERR1094276_1.fastq.gz	https://ftp.sra.ebi.ac.uk/vol1/fastq/ERR109/006/ERR1094276/ERR1094276_2.fastq.gz	212138646	216029709	52
ERR1094402	PRJEB11501	https://ftp.sra.ebi.ac.uk/vol1/fastq/ERR109/002/ERR1094402/ERR1094402_1.fastq.gz	https://ftp.sra.ebi.ac.uk/vol1/fastq/ERR109/002/ERR1094402/ERR1094402_2.fastq.gz	211964607	215820606	52
ERR1094255	PRJEB11501	https://ftp.sra.ebi.ac.uk/vol1/fastq/ERR109/005/ERR1094255/ERR1094255_1.fastq.gz	https://ftp.sra.ebi.ac.uk/vol1/fastq/ERR109/005/ERR1094255/ERR1094255_2.fastq.gz	212653928	214891739	52
ERR1094278	PRJEB11501	https://ftp.sra.ebi.ac.uk/vol1/fastq/ERR109/008/ERR1094278/ERR1094278_1.fastq.gz	https://ftp.sra.ebi.ac.uk/vol1/fastq/ERR109/008/ERR1094278/ERR1094278_2.fastq.gz	211583552	215945499	52
ERR1094378	PRJEB11501	https://ftp.sra.ebi.ac.uk/vol1/fastq/ERR109/008/ERR1094378/ERR1094378_1.fastq.gz	https://ftp.sra.ebi.ac.uk/vol1/fastq/ERR109/008/ERR1094378/ERR1094378_2.fastq.gz	209890035	215801288	52
ERR1094285	PRJEB11501	https://ftp.sra.ebi.ac.uk/vol1/fastq/ERR109/005/ERR1094285/ERR1094285_1.fastq.gz	https://ftp.sra.ebi.ac.uk/vol1/fastq/ERR109/005/ERR1094285/ERR1094285_2.fastq.gz	210788405	214521990	52
ERR1094288	PRJEB11501	https://ftp.sra.ebi.ac.uk/vol1/fastq/ERR109/008/ERR1094288/ERR1094288_1.fastq.gz	https://ftp.sra.ebi.ac.uk/vol1/fastq/ERR109/008/ERR1094288/ERR1094288_2.fastq.gz	210772094	213926029	52
ERR1094387	PRJEB11501	https://ftp.sra.ebi.ac.uk/vol1/fastq/ERR109/007/ERR1094387/ERR1094387_1.fastq.gz	https://ftp.sra.ebi.ac.uk/vol1/fastq/ERR109/007/ERR1094387/ERR1094387_2.fastq.gz	209003733	214574621	52
ERR1094392	PRJEB11501	https://ftp.sra.ebi.ac.uk/vol1/fastq/ERR109/002/ERR1094392/ERR1094392_1.fastq.gz	https://ftp.sra.ebi.ac.uk/vol1/fastq/ERR109/002/ERR1094392/ERR1094392_2.fastq.gz	209586668	213677353	52
ERR1094379	PRJEB11501	https://ftp.sra.ebi.ac.uk/vol1/fastq/ERR109/009/ERR1094379/ERR1094379_1.fastq.gz	https://ftp.sra.ebi.ac.uk/vol1/fastq/ERR109/009/ERR1094379/ERR1094379_2.fastq.gz	209821639	213345331	52
ERR1094382	PRJEB11501	https://ftp.sra.ebi.ac.uk/vol1/fastq/ERR109/002/ERR1094382/ERR1094382_1.fastq.gz	https://ftp.sra.ebi.ac.uk/vol1/fastq/ERR109/002/ERR1094382/ERR1094382_2.fastq.gz	209696093	213408398	52
ERR1094268	PRJEB11501	https://ftp.sra.ebi.ac.uk/vol1/fastq/ERR109/008/ERR1094268/ERR1094268_1.fastq.gz	https://ftp.sra.ebi.ac.uk/vol1/fastq/ERR109/008/ERR1094268/ERR1094268_2.fastq.gz	209212007	212983955	52
ERR1094267	PRJEB11501	https://ftp.sra.ebi.ac.uk/vol1/fastq/ERR109/007/ERR1094267/ERR1094267_1.fastq.gz	https://ftp.sra.ebi.ac.uk/vol1/fastq/ERR109/007/ERR1094267/ERR1094267_2.fastq.gz	209428468	212645228	52
ERR1094282	PRJEB11501	https://ftp.sra.ebi.ac.uk/vol1/fastq/ERR109/002/ERR1094282/ERR1094282_1.fastq.gz	https://ftp.sra.ebi.ac.uk/vol1/fastq/ERR109/002/ERR1094282/ERR1094282_2.fastq.gz	208351007	211685118	52
ERR1094458	PRJEB11501	https://ftp.sra.ebi.ac.uk/vol1/fastq/ERR109/008/ERR1094458/ERR1094458_1.fastq.gz	https://ftp.sra.ebi.ac.uk/vol1/fastq/ERR109/008/ERR1094458/ERR1094458_2.fastq.gz	207106222	211692638	52
ERR1094354	PRJEB11501	https://ftp.sra.ebi.ac.uk/vol1/fastq/ERR109/004/ERR1094354/ERR1094354_1.fastq.gz	https://ftp.sra.ebi.ac.uk/vol1/fastq/ERR109/004/ERR1094354/ERR1094354_2.fastq.gz	207317420	210940123	52
ERR1094273	PRJEB11501	https://ftp.sra.ebi.ac.uk/vol1/fastq/ERR109/003/ERR1094273/ERR1094273_1.fastq.gz	https://ftp.sra.ebi.ac.uk/vol1/fastq/ERR109/003/ERR1094273/ERR1094273_2.fastq.gz	207660752	210447059	52
ERR1094664	PRJEB11501	https://ftp.sra.ebi.ac.uk/vol1/fastq/ERR109/004/ERR1094664/ERR1094664_1.fastq.gz	https://ftp.sra.ebi.ac.uk/vol1/fastq/ERR109/004/ERR1094664/ERR1094664_2.fastq.gz	198833029	218933865	52
ERR1094647	PRJEB11501	https://ftp.sra.ebi.ac.uk/vol1/fastq/ERR109/007/ERR1094647/ERR1094647_1.fastq.gz	https://ftp.sra.ebi.ac.uk/vol1/fastq/ERR109/007/ERR1094647/ERR1094647_2.fastq.gz	199473314	218165999	52
ERR1094463	PRJEB11501	https://ftp.sra.ebi.ac.uk/vol1/fastq/ERR109/003/ERR1094463/ERR1094463_1.fastq.gz	https://ftp.sra.ebi.ac.uk/vol1/fastq/ERR109/003/ERR1094463/ERR1094463_2.fastq.gz	206521140	211072325	51
ERR1094644	PRJEB11501	https://ftp.sra.ebi.ac.uk/vol1/fastq/ERR109/004/ERR1094644/ERR1094644_1.fastq.gz	https://ftp.sra.ebi.ac.uk/vol1/fastq/ERR109/004/ERR1094644/ERR1094644_2.fastq.gz	199239717	218275368	51
