window_id	filename	window_type	expected_peak_gb	seed
1	window_0001.fastq.gz	unique_window	8	7778
2	window_0002.fastq.gz	unique_window	8	7779
3	window_0003.fastq.gz	segdup_window	12	7780
4	window_0004.fastq.gz	unique_window	8	7781
5	window_0005.fastq.gz	segdup_window	12	7782
6	window_0006.fastq.gz	segdup_window	12	7783
7	window_0007.fastq.gz	unique_window	8	7784
8	window_0008.fastq.gz	unique_window	8	7785
9	window_0009.fastq.gz	segdup_window	12	7786
10	window_0010.fastq.gz	segdup_window	12	7787
11	window_0011.fastq.gz	unique_window	8	7788
12	window_0012.fastq.gz	segdup_window	12	7789
13	window_0013.fastq.gz	unique_window	8	7790
14	window_0014.fastq.gz	segdup_window	12	7791
15	window_0015.fastq.gz	unique_window	8	7792
16	window_0016.fastq.gz	unique_window	8	7793
17	window_0017.fastq.gz	segdup_window	12	7794
18	window_0018.fastq.gz	segdup_window	12	7795
19	window_0019.fastq.gz	unique_window	8	7796
20	window_0020.fastq.gz	unique_window	8	7797
21	window_0021.fastq.gz	tr_window	30+	7798
22	window_0022.fastq.gz	segdup_window	12	7799
23	window_0023.fastq.gz	tr_window	30+	7800
24	window_0024.fastq.gz	unique_window	8	7801
25	window_0025.fastq.gz	unique_window	8	7802
26	window_0026.fastq.gz	segdup_window	12	7803
27	window_0027.fastq.gz	unique_window	8	7804
28	window_0028.fastq.gz	tr_window	30+	7805
29	window_0029.fastq.gz	segdup_window	12	7806
30	window_0030.fastq.gz	segdup_window	12	7807
31	window_0031.fastq.gz	segdup_window	12	7808
32	window_0032.fastq.gz	unique_window	8	7809
33	window_0033.fastq.gz	unique_window	8	7810
34	window_0034.fastq.gz	unique_window	8	7811
35	window_0035.fastq.gz	segdup_window	12	7812
36	window_0036.fastq.gz	unique_window	8	7813
37	window_0037.fastq.gz	segdup_window	12	7814
38	window_0038.fastq.gz	segdup_window	12	7815
39	window_0039.fastq.gz	segdup_window	12	7816
40	window_0040.fastq.gz	segdup_window	12	7817
41	window_0041.fastq.gz	unique_window	8	7818
42	window_0042.fastq.gz	tr_window	30+	7819
43	window_0043.fastq.gz	tr_window	30+	7820
44	window_0044.fastq.gz	unique_window	8	7821
45	window_0045.fastq.gz	tr_window	30+	7822
46	window_0046.fastq.gz	segdup_window	12	7823
47	window_0047.fastq.gz	segdup_window	12	7824
48	window_0048.fastq.gz	unique_window	8	7825
49	window_0049.fastq.gz	unique_window	8	7826
50	window_0050.fastq.gz	unique_window	8	7827
51	window_0051.fastq.gz	unique_window	8	7828
52	window_0052.fastq.gz	segdup_window	12	7829
53	window_0053.fastq.gz	unique_window	8	7830
54	window_0054.fastq.gz	tr_window	30+	7831
55	window_0055.fastq.gz	tr_window	30+	7832
56	window_0056.fastq.gz	unique_window	8	7833
57	window_0057.fastq.gz	unique_window	8	7834
58	window_0058.fastq.gz	unique_window	8	7835
59	window_0059.fastq.gz	unique_window	8	7836
60	window_0060.fastq.gz	unique_window	8	7837
61	window_0061.fastq.gz	tr_window	30+	7838
62	window_0062.fastq.gz	segdup_window	12	7839
63	window_0063.fastq.gz	segdup_window	12	7840
64	window_0064.fastq.gz	tr_window	30+	7841
65	window_0065.fastq.gz	tr_window	30+	7842
66	window_0066.fastq.gz	tr_window	30+	7843
67	window_0067.fastq.gz	segdup_window	12	7844
68	window_0068.fastq.gz	unique_window	8	7845
69	window_0069.fastq.gz	tr_window	30+	7846
70	window_0070.fastq.gz	tr_window	30+	7847
71	window_0071.fastq.gz	tr_window	30+	7848
72	window_0072.fastq.gz	unique_window	8	7849
73	window_0073.fastq.gz	unique_window	8	7850
74	window_0074.fastq.gz	unique_window	8	7851
75	window_0075.fastq.gz	unique_window	8	7852
76	window_0076.fastq.gz	segdup_window	12	7853
77	window_0077.fastq.gz	tr_window	30+	7854
78	window_0078.fastq.gz	segdup_window	12	7855
79	window_0079.fastq.gz	unique_window	8	7856
80	window_0080.fastq.gz	unique_window	8	7857
81	window_0081.fastq.gz	segdup_window	12	7858
82	window_0082.fastq.gz	unique_window	8	7859
83	window_0083.fastq.gz	tr_window	30+	7860
84	window_0084.fastq.gz	tr_window	30+	7861
85	window_0085.fastq.gz	unique_window	8	7862
86	window_0086.fastq.gz	segdup_window	12	7863
87	window_0087.fastq.gz	segdup_window	12	7864
88	window_0088.fastq.gz	unique_window	8	7865
89	window_0089.fastq.gz	segdup_window	12	7866
90	window_0090.fastq.gz	segdup_window	12	7867
91	window_0091.fastq.gz	tr_window	30+	7868
92	window_0092.fastq.gz	tr_window	30+	7869
93	window_0093.fastq.gz	segdup_window	12	7870
94	window_0094.fastq.gz	segdup_window	12	7871
95	window_0095.fastq.gz	segdup_window	12	7872
96	window_0096.fastq.gz	segdup_window	12	7873
97	window_0097.fastq.gz	unique_window	8	7874
98	window_0098.fastq.gz	segdup_window	12	7875
99	window_0099.fastq.gz	tr_window	30+	7876
100	window_0100.fastq.gz	segdup_window	12	7877
101	window_0101.fastq.gz	segdup_window	12	7878
102	window_0102.fastq.gz	segdup_window	12	7879
103	window_0103.fastq.gz	segdup_window	12	7880
104	window_0104.fastq.gz	tr_window	30+	7881
105	window_0105.fastq.gz	unique_window	8	7882
106	window_0106.fastq.gz	unique_window	8	7883
107	window_0107.fastq.gz	unique_window	8	7884
108	window_0108.fastq.gz	unique_window	8	7885
109	window_0109.fastq.gz	segdup_window	12	7886
110	window_0110.fastq.gz	segdup_window	12	7887
111	window_0111.fastq.gz	tr_window	30+	7888
112	window_0112.fastq.gz	unique_window	8	7889
113	window_0113.fastq.gz	tr_window	30+	7890
114	window_0114.fastq.gz	segdup_window	12	7891
115	window_0115.fastq.gz	unique_window	8	7892
116	window_0116.fastq.gz	unique_window	8	7893
117	window_0117.fastq.gz	tr_window	30+	7894
118	window_0118.fastq.gz	tr_window	30+	7895
119	window_0119.fastq.gz	tr_window	30+	7896
120	window_0120.fastq.gz	unique_window	8	7897
121	window_0121.fastq.gz	segdup_window	12	7898
122	window_0122.fastq.gz	segdup_window	12	7899
123	window_0123.fastq.gz	segdup_window	12	7900
124	window_0124.fastq.gz	tr_window	30+	7901
125	window_0125.fastq.gz	unique_window	8	7902
126	window_0126.fastq.gz	segdup_window	12	7903
127	window_0127.fastq.gz	unique_window	8	7904
128	window_0128.fastq.gz	segdup_window	12	7905
129	window_0129.fastq.gz	tr_window	30+	7906
130	window_0130.fastq.gz	unique_window	8	7907
131	window_0131.fastq.gz	tr_window	30+	7908
132	window_0132.fastq.gz	segdup_window	12	7909
133	window_0133.fastq.gz	unique_window	8	7910
134	window_0134.fastq.gz	unique_window	8	7911
135	window_0135.fastq.gz	unique_window	8	7912
136	window_0136.fastq.gz	unique_window	8	7913
137	window_0137.fastq.gz	segdup_window	12	7914
138	window_0138.fastq.gz	segdup_window	12	7915
139	window_0139.fastq.gz	segdup_window	12	7916
140	window_0140.fastq.gz	segdup_window	12	7917
141	window_0141.fastq.gz	tr_window	30+	7918
142	window_0142.fastq.gz	unique_window	8	7919
143	window_0143.fastq.gz	segdup_window	12	7920
144	window_0144.fastq.gz	segdup_window	12	7921
145	window_0145.fastq.gz	segdup_window	12	7922
146	window_0146.fastq.gz	unique_window	8	7923
147	window_0147.fastq.gz	tr_window	30+	7924
148	window_0148.fastq.gz	unique_window	8	7925
149	window_0149.fastq.gz	segdup_window	12	7926
150	window_0150.fastq.gz	tr_window	30+	7927
151	window_0151.fastq.gz	tr_window	30+	7928
152	window_0152.fastq.gz	unique_window	8	7929
153	window_0153.fastq.gz	tr_window	30+	7930
154	window_0154.fastq.gz	tr_window	30+	7931
155	window_0155.fastq.gz	unique_window	8	7932
156	window_0156.fastq.gz	segdup_window	12	7933
157	window_0157.fastq.gz	segdup_window	12	7934
158	window_0158.fastq.gz	segdup_window	12	7935
159	window_0159.fastq.gz	unique_window	8	7936
160	window_0160.fastq.gz	tr_window	30+	7937
161	window_0161.fastq.gz	tr_window	30+	7938
162	window_0162.fastq.gz	segdup_window	12	7939
163	window_0163.fastq.gz	segdup_window	12	7940
164	window_0164.fastq.gz	unique_window	8	7941
165	window_0165.fastq.gz	segdup_window	12	7942
166	window_0166.fastq.gz	tr_window	30+	7943
167	window_0167.fastq.gz	unique_window	8	7944
168	window_0168.fastq.gz	unique_window	8	7945
169	window_0169.fastq.gz	tr_window	30+	7946
170	window_0170.fastq.gz	segdup_window	12	7947
171	window_0171.fastq.gz	segdup_window	12	7948
172	window_0172.fastq.gz	tr_window	30+	7949
173	window_0173.fastq.gz	segdup_window	12	7950
174	window_0174.fastq.gz	segdup_window	12	7951
175	window_0175.fastq.gz	segdup_window	12	7952
176	window_0176.fastq.gz	unique_window	8	7953
177	window_0177.fastq.gz	tr_window	30+	7954
178	window_0178.fastq.gz	unique_window	8	7955
179	window_0179.fastq.gz	segdup_window	12	7956
180	window_0180.fastq.gz	tr_window	30+	7957
181	window_0181.fastq.gz	unique_window	8	7958
182	window_0182.fastq.gz	segdup_window	12	7959
183	window_0183.fastq.gz	unique_window	8	7960
184	window_0184.fastq.gz	segdup_window	12	7961
185	window_0185.fastq.gz	unique_window	8	7962
186	window_0186.fastq.gz	unique_window	8	7963
187	window_0187.fastq.gz	unique_window	8	7964
188	window_0188.fastq.gz	unique_window	8	7965
189	window_0189.fastq.gz	unique_window	8	7966
190	window_0190.fastq.gz	segdup_window	12	7967
191	window_0191.fastq.gz	unique_window	8	7968
192	window_0192.fastq.gz	tr_window	30+	7969
193	window_0193.fastq.gz	segdup_window	12	7970
194	window_0194.fastq.gz	unique_window	8	7971
195	window_0195.fastq.gz	segdup_window	12	7972
196	window_0196.fastq.gz	tr_window	30+	7973
197	window_0197.fastq.gz	unique_window	8	7974
198	window_0198.fastq.gz	unique_window	8	7975
199	window_0199.fastq.gz	segdup_window	12	7976
200	window_0200.fastq.gz	segdup_window	12	7977
201	window_0201.fastq.gz	segdup_window	12	7978
202	window_0202.fastq.gz	segdup_window	12	7979
203	window_0203.fastq.gz	tr_window	30+	7980
204	window_0204.fastq.gz	segdup_window	12	7981
205	window_0205.fastq.gz	tr_window	30+	7982
206	window_0206.fastq.gz	unique_window	8	7983
207	window_0207.fastq.gz	unique_window	8	7984
208	window_0208.fastq.gz	segdup_window	12	7985
209	window_0209.fastq.gz	unique_window	8	7986
210	window_0210.fastq.gz	segdup_window	12	7987
211	window_0211.fastq.gz	segdup_window	12	7988
212	window_0212.fastq.gz	segdup_window	12	7989
213	window_0213.fastq.gz	tr_window	30+	7990
214	window_0214.fastq.gz	segdup_window	12	7991
215	window_0215.fastq.gz	segdup_window	12	7992
216	window_0216.fastq.gz	segdup_window	12	7993
217	window_0217.fastq.gz	segdup_window	12	7994
218	window_0218.fastq.gz	tr_window	30+	7995
219	window_0219.fastq.gz	segdup_window	12	7996
220	window_0220.fastq.gz	tr_window	30+	7997
221	window_0221.fastq.gz	segdup_window	12	7998
222	window_0222.fastq.gz	segdup_window	12	7999
223	window_0223.fastq.gz	segdup_window	12	8000
224	window_0224.fastq.gz	tr_window	30+	8001
225	window_0225.fastq.gz	unique_window	8	8002
226	window_0226.fastq.gz	segdup_window	12	8003
227	window_0227.fastq.gz	tr_window	30+	8004
228	window_0228.fastq.gz	unique_window	8	8005
229	window_0229.fastq.gz	unique_window	8	8006
230	window_0230.fastq.gz	segdup_window	12	8007
231	window_0231.fastq.gz	unique_window	8	8008
232	window_0232.fastq.gz	segdup_window	12	8009
233	window_0233.fastq.gz	unique_window	8	8010
234	window_0234.fastq.gz	unique_window	8	8011
235	window_0235.fastq.gz	tr_window	30+	8012
236	window_0236.fastq.gz	unique_window	8	8013
237	window_0237.fastq.gz	segdup_window	12	8014
238	window_0238.fastq.gz	tr_window	30+	8015
239	window_0239.fastq.gz	segdup_window	12	8016
240	window_0240.fastq.gz	segdup_window	12	8017
241	window_0241.fastq.gz	unique_window	8	8018
242	window_0242.fastq.gz	segdup_window	12	8019
243	window_0243.fastq.gz	tr_window	30+	8020
244	window_0244.fastq.gz	unique_window	8	8021
245	window_0245.fastq.gz	segdup_window	12	8022
246	window_0246.fastq.gz	tr_window	30+	8023
247	window_0247.fastq.gz	unique_window	8	8024
248	window_0248.fastq.gz	segdup_window	12	8025
249	window_0249.fastq.gz	segdup_window	12	8026
250	window_0250.fastq.gz	segdup_window	12	8027
251	window_0251.fastq.gz	unique_window	8	8028
252	window_0252.fastq.gz	segdup_window	12	8029
253	window_0253.fastq.gz	segdup_window	12	8030
254	window_0254.fastq.gz	segdup_window	12	8031
255	window_0255.fastq.gz	unique_window	8	8032
256	window_0256.fastq.gz	segdup_window	12	8033
257	window_0257.fastq.gz	unique_window	8	8034
258	window_0258.fastq.gz	tr_window	30+	8035
259	window_0259.fastq.gz	unique_window	8	8036
260	window_0260.fastq.gz	segdup_window	12	8037
261	window_0261.fastq.gz	unique_window	8	8038
262	window_0262.fastq.gz	segdup_window	12	8039
263	window_0263.fastq.gz	segdup_window	12	8040
264	window_0264.fastq.gz	segdup_window	12	8041
265	window_0265.fastq.gz	unique_window	8	8042
266	window_0266.fastq.gz	tr_window	30+	8043
267	window_0267.fastq.gz	segdup_window	12	8044
268	window_0268.fastq.gz	unique_window	8	8045
269	window_0269.fastq.gz	tr_window	30+	8046
270	window_0270.fastq.gz	unique_window	8	8047
271	window_0271.fastq.gz	segdup_window	12	8048
272	window_0272.fastq.gz	unique_window	8	8049
273	window_0273.fastq.gz	segdup_window	12	8050
274	window_0274.fastq.gz	tr_window	30+	8051
275	window_0275.fastq.gz	unique_window	8	8052
276	window_0276.fastq.gz	segdup_window	12	8053
277	window_0277.fastq.gz	tr_window	30+	8054
278	window_0278.fastq.gz	tr_window	30+	8055
279	window_0279.fastq.gz	unique_window	8	8056
280	window_0280.fastq.gz	segdup_window	12	8057
281	window_0281.fastq.gz	segdup_window	12	8058
282	window_0282.fastq.gz	segdup_window	12	8059
283	window_0283.fastq.gz	unique_window	8	8060
284	window_0284.fastq.gz	segdup_window	12	8061
285	window_0285.fastq.gz	tr_window	30+	8062
286	window_0286.fastq.gz	unique_window	8	8063
287	window_0287.fastq.gz	unique_window	8	8064
288	window_0288.fastq.gz	unique_window	8	8065
289	window_0289.fastq.gz	unique_window	8	8066
290	window_0290.fastq.gz	unique_window	8	8067
291	window_0291.fastq.gz	unique_window	8	8068
292	window_0292.fastq.gz	tr_window	30+	8069
293	window_0293.fastq.gz	tr_window	30+	8070
294	window_0294.fastq.gz	unique_window	8	8071
295	window_0295.fastq.gz	unique_window	8	8072
296	window_0296.fastq.gz	unique_window	8	8073
297	window_0297.fastq.gz	segdup_window	12	8074
298	window_0298.fastq.gz	segdup_window	12	8075
299	window_0299.fastq.gz	unique_window	8	8076
300	window_0300.fastq.gz	unique_window	8	8077
301	window_0301.fastq.gz	unique_window	8	8078
302	window_0302.fastq.gz	unique_window	8	8079
303	window_0303.fastq.gz	segdup_window	12	8080
304	window_0304.fastq.gz	segdup_window	12	8081
305	window_0305.fastq.gz	tr_window	30+	8082
306	window_0306.fastq.gz	segdup_window	12	8083
307	window_0307.fastq.gz	segdup_window	12	8084
308	window_0308.fastq.gz	unique_window	8	8085
309	window_0309.fastq.gz	tr_window	30+	8086
310	window_0310.fastq.gz	unique_window	8	8087
311	window_0311.fastq.gz	segdup_window	12	8088
312	window_0312.fastq.gz	segdup_window	12	8089
313	window_0313.fastq.gz	segdup_window	12	8090
314	window_0314.fastq.gz	segdup_window	12	8091
315	window_0315.fastq.gz	unique_window	8	8092
316	window_0316.fastq.gz	unique_window	8	8093
317	window_0317.fastq.gz	tr_window	30+	8094
318	window_0318.fastq.gz	tr_window	30+	8095
319	window_0319.fastq.gz	segdup_window	12	8096
320	window_0320.fastq.gz	segdup_window	12	8097
321	window_0321.fastq.gz	tr_window	30+	8098
322	window_0322.fastq.gz	tr_window	30+	8099
323	window_0323.fastq.gz	tr_window	30+	8100
324	window_0324.fastq.gz	segdup_window	12	8101
325	window_0325.fastq.gz	segdup_window	12	8102
326	window_0326.fastq.gz	unique_window	8	8103
327	window_0327.fastq.gz	segdup_window	12	8104
328	window_0328.fastq.gz	unique_window	8	8105
329	window_0329.fastq.gz	unique_window	8	8106
330	window_0330.fastq.gz	segdup_window	12	8107
331	window_0331.fastq.gz	tr_window	30+	8108
332	window_0332.fastq.gz	tr_window	30+	8109
333	window_0333.fastq.gz	unique_window	8	8110
334	window_0334.fastq.gz	tr_window	30+	8111
335	window_0335.fastq.gz	unique_window	8	8112
336	window_0336.fastq.gz	tr_window	30+	8113
337	window_0337.fastq.gz	unique_window	8	8114
338	window_0338.fastq.gz	tr_window	30+	8115
339	window_0339.fastq.gz	segdup_window	12	8116
340	window_0340.fastq.gz	segdup_window	12	8117
341	window_0341.fastq.gz	unique_window	8	8118
342	window_0342.fastq.gz	unique_window	8	8119
343	window_0343.fastq.gz	tr_window	30+	8120
344	window_0344.fastq.gz	segdup_window	12	8121
345	window_0345.fastq.gz	segdup_window	12	8122
346	window_0346.fastq.gz	unique_window	8	8123
347	window_0347.fastq.gz	unique_window	8	8124
348	window_0348.fastq.gz	unique_window	8	8125
349	window_0349.fastq.gz	unique_window	8	8126
350	window_0350.fastq.gz	tr_window	30+	8127
351	window_0351.fastq.gz	unique_window	8	8128
352	window_0352.fastq.gz	tr_window	30+	8129
353	window_0353.fastq.gz	segdup_window	12	8130
354	window_0354.fastq.gz	unique_window	8	8131
355	window_0355.fastq.gz	tr_window	30+	8132
356	window_0356.fastq.gz	segdup_window	12	8133
357	window_0357.fastq.gz	tr_window	30+	8134
358	window_0358.fastq.gz	segdup_window	12	8135
359	window_0359.fastq.gz	tr_window	30+	8136
360	window_0360.fastq.gz	unique_window	8	8137
361	window_0361.fastq.gz	unique_window	8	8138
362	window_0362.fastq.gz	unique_window	8	8139
363	window_0363.fastq.gz	segdup_window	12	8140
364	window_0364.fastq.gz	unique_window	8	8141
365	window_0365.fastq.gz	segdup_window	12	8142
366	window_0366.fastq.gz	segdup_window	12	8143
367	window_0367.fastq.gz	segdup_window	12	8144
368	window_0368.fastq.gz	unique_window	8	8145
369	window_0369.fastq.gz	unique_window	8	8146
370	window_0370.fastq.gz	tr_window	30+	8147
371	window_0371.fastq.gz	segdup_window	12	8148
372	window_0372.fastq.gz	segdup_window	12	8149
373	window_0373.fastq.gz	segdup_window	12	8150
374	window_0374.fastq.gz	tr_window	30+	8151
375	window_0375.fastq.gz	segdup_window	12	8152
376	window_0376.fastq.gz	segdup_window	12	8153
377	window_0377.fastq.gz	tr_window	30+	8154
378	window_0378.fastq.gz	unique_window	8	8155
379	window_0379.fastq.gz	segdup_window	12	8156
380	window_0380.fastq.gz	unique_window	8	8157
381	window_0381.fastq.gz	unique_window	8	8158
382	window_0382.fastq.gz	tr_window	30+	8159
383	window_0383.fastq.gz	unique_window	8	8160
384	window_0384.fastq.gz	unique_window	8	8161
385	window_0385.fastq.gz	unique_window	8	8162
386	window_0386.fastq.gz	unique_window	8	8163
387	window_0387.fastq.gz	segdup_window	12	8164
388	window_0388.fastq.gz	unique_window	8	8165
389	window_0389.fastq.gz	unique_window	8	8166
390	window_0390.fastq.gz	segdup_window	12	8167
391	window_0391.fastq.gz	unique_window	8	8168
392	window_0392.fastq.gz	segdup_window	12	8169
393	window_0393.fastq.gz	segdup_window	12	8170
394	window_0394.fastq.gz	unique_window	8	8171
395	window_0395.fastq.gz	tr_window	30+	8172
396	window_0396.fastq.gz	unique_window	8	8173
397	window_0397.fastq.gz	segdup_window	12	8174
398	window_0398.fastq.gz	tr_window	30+	8175
399	window_0399.fastq.gz	tr_window	30+	8176
400	window_0400.fastq.gz	unique_window	8	8177
401	window_0401.fastq.gz	unique_window	8	8178
402	window_0402.fastq.gz	unique_window	8	8179
403	window_0403.fastq.gz	unique_window	8	8180
404	window_0404.fastq.gz	segdup_window	12	8181
405	window_0405.fastq.gz	segdup_window	12	8182
406	window_0406.fastq.gz	segdup_window	12	8183
407	window_0407.fastq.gz	unique_window	8	8184
408	window_0408.fastq.gz	segdup_window	12	8185
409	window_0409.fastq.gz	tr_window	30+	8186
410	window_0410.fastq.gz	tr_window	30+	8187
411	window_0411.fastq.gz	unique_window	8	8188
412	window_0412.fastq.gz	unique_window	8	8189
413	window_0413.fastq.gz	unique_window	8	8190
414	window_0414.fastq.gz	tr_window	30+	8191
415	window_0415.fastq.gz	unique_window	8	8192
416	window_0416.fastq.gz	unique_window	8	8193
417	window_0417.fastq.gz	tr_window	30+	8194
418	window_0418.fastq.gz	unique_window	8	8195
419	window_0419.fastq.gz	unique_window	8	8196
420	window_0420.fastq.gz	segdup_window	12	8197
421	window_0421.fastq.gz	unique_window	8	8198
422	window_0422.fastq.gz	tr_window	30+	8199
423	window_0423.fastq.gz	unique_window	8	8200
424	window_0424.fastq.gz	segdup_window	12	8201
425	window_0425.fastq.gz	unique_window	8	8202
426	window_0426.fastq.gz	segdup_window	12	8203
427	window_0427.fastq.gz	unique_window	8	8204
428	window_0428.fastq.gz	tr_window	30+	8205
429	window_0429.fastq.gz	tr_window	30+	8206
430	window_0430.fastq.gz	tr_window	30+	8207
431	window_0431.fastq.gz	tr_window	30+	8208
432	window_0432.fastq.gz	segdup_window	12	8209
433	window_0433.fastq.gz	tr_window	30+	8210
434	window_0434.fastq.gz	unique_window	8	8211
435	window_0435.fastq.gz	segdup_window	12	8212
436	window_0436.fastq.gz	unique_window	8	8213
437	window_0437.fastq.gz	segdup_window	12	8214
438	window_0438.fastq.gz	unique_window	8	8215
439	window_0439.fastq.gz	unique_window	8	8216
440	window_0440.fastq.gz	tr_window	30+	8217
441	window_0441.fastq.gz	unique_window	8	8218
442	window_0442.fastq.gz	unique_window	8	8219
443	window_0443.fastq.gz	segdup_window	12	8220
444	window_0444.fastq.gz	segdup_window	12	8221
445	window_0445.fastq.gz	unique_window	8	8222
446	window_0446.fastq.gz	unique_window	8	8223
447	window_0447.fastq.gz	unique_window	8	8224
448	window_0448.fastq.gz	segdup_window	12	8225
449	window_0449.fastq.gz	tr_window	30+	8226
450	window_0450.fastq.gz	tr_window	30+	8227
451	window_0451.fastq.gz	tr_window	30+	8228
452	window_0452.fastq.gz	unique_window	8	8229
453	window_0453.fastq.gz	unique_window	8	8230
454	window_0454.fastq.gz	unique_window	8	8231
455	window_0455.fastq.gz	unique_window	8	8232
456	window_0456.fastq.gz	segdup_window	12	8233
457	window_0457.fastq.gz	unique_window	8	8234
458	window_0458.fastq.gz	tr_window	30+	8235
459	window_0459.fastq.gz	tr_window	30+	8236
460	window_0460.fastq.gz	segdup_window	12	8237
461	window_0461.fastq.gz	tr_window	30+	8238
462	window_0462.fastq.gz	segdup_window	12	8239
463	window_0463.fastq.gz	tr_window	30+	8240
464	window_0464.fastq.gz	tr_window	30+	8241
465	window_0465.fastq.gz	segdup_window	12	8242
466	window_0466.fastq.gz	unique_window	8	8243
467	window_0467.fastq.gz	segdup_window	12	8244
468	window_0468.fastq.gz	unique_window	8	8245
469	window_0469.fastq.gz	unique_window	8	8246
470	window_0470.fastq.gz	unique_window	8	8247
471	window_0471.fastq.gz	unique_window	8	8248
472	window_0472.fastq.gz	tr_window	30+	8249
473	window_0473.fastq.gz	unique_window	8	8250
474	window_0474.fastq.gz	unique_window	8	8251
475	window_0475.fastq.gz	unique_window	8	8252
476	window_0476.fastq.gz	unique_window	8	8253
477	window_0477.fastq.gz	unique_window	8	8254
478	window_0478.fastq.gz	tr_window	30+	8255
479	window_0479.fastq.gz	segdup_window	12	8256
480	window_0480.fastq.gz	unique_window	8	8257
481	window_0481.fastq.gz	unique_window	8	8258
482	window_0482.fastq.gz	tr_window	30+	8259
483	window_0483.fastq.gz	unique_window	8	8260
484	window_0484.fastq.gz	segdup_window	12	8261
485	window_0485.fastq.gz	segdup_window	12	8262
486	window_0486.fastq.gz	segdup_window	12	8263
487	window_0487.fastq.gz	tr_window	30+	8264
488	window_0488.fastq.gz	tr_window	30+	8265
489	window_0489.fastq.gz	unique_window	8	8266
490	window_0490.fastq.gz	segdup_window	12	8267
491	window_0491.fastq.gz	tr_window	30+	8268
492	window_0492.fastq.gz	tr_window	30+	8269
493	window_0493.fastq.gz	tr_window	30+	8270
494	window_0494.fastq.gz	segdup_window	12	8271
495	window_0495.fastq.gz	unique_window	8	8272
496	window_0496.fastq.gz	tr_window	30+	8273
497	window_0497.fastq.gz	segdup_window	12	8274
498	window_0498.fastq.gz	unique_window	8	8275
499	window_0499.fastq.gz	segdup_window	12	8276
500	window_0500.fastq.gz	segdup_window	12	8277
501	window_0501.fastq.gz	tr_window	30+	8278
502	window_0502.fastq.gz	segdup_window	12	8279
503	window_0503.fastq.gz	segdup_window	12	8280
504	window_0504.fastq.gz	segdup_window	12	8281
505	window_0505.fastq.gz	unique_window	8	8282
506	window_0506.fastq.gz	segdup_window	12	8283
507	window_0507.fastq.gz	segdup_window	12	8284
508	window_0508.fastq.gz	tr_window	30+	8285
509	window_0509.fastq.gz	unique_window	8	8286
510	window_0510.fastq.gz	segdup_window	12	8287
511	window_0511.fastq.gz	tr_window	30+	8288
512	window_0512.fastq.gz	unique_window	8	8289
513	window_0513.fastq.gz	tr_window	30+	8290
514	window_0514.fastq.gz	segdup_window	12	8291
515	window_0515.fastq.gz	unique_window	8	8292
516	window_0516.fastq.gz	segdup_window	12	8293
517	window_0517.fastq.gz	tr_window	30+	8294
518	window_0518.fastq.gz	tr_window	30+	8295
519	window_0519.fastq.gz	unique_window	8	8296
520	window_0520.fastq.gz	unique_window	8	8297
521	window_0521.fastq.gz	segdup_window	12	8298
522	window_0522.fastq.gz	unique_window	8	8299
523	window_0523.fastq.gz	unique_window	8	8300
524	window_0524.fastq.gz	segdup_window	12	8301
525	window_0525.fastq.gz	unique_window	8	8302
526	window_0526.fastq.gz	unique_window	8	8303
527	window_0527.fastq.gz	segdup_window	12	8304
528	window_0528.fastq.gz	tr_window	30+	8305
529	window_0529.fastq.gz	unique_window	8	8306
530	window_0530.fastq.gz	unique_window	8	8307
531	window_0531.fastq.gz	unique_window	8	8308
532	window_0532.fastq.gz	segdup_window	12	8309
533	window_0533.fastq.gz	tr_window	30+	8310
534	window_0534.fastq.gz	segdup_window	12	8311
535	window_0535.fastq.gz	unique_window	8	8312
536	window_0536.fastq.gz	tr_window	30+	8313
537	window_0537.fastq.gz	segdup_window	12	8314
538	window_0538.fastq.gz	segdup_window	12	8315
539	window_0539.fastq.gz	unique_window	8	8316
540	window_0540.fastq.gz	unique_window	8	8317
541	window_0541.fastq.gz	tr_window	30+	8318
542	window_0542.fastq.gz	segdup_window	12	8319
543	window_0543.fastq.gz	unique_window	8	8320
544	window_0544.fastq.gz	unique_window	8	8321
545	window_0545.fastq.gz	segdup_window	12	8322
546	window_0546.fastq.gz	tr_window	30+	8323
547	window_0547.fastq.gz	segdup_window	12	8324
548	window_0548.fastq.gz	unique_window	8	8325
549	window_0549.fastq.gz	unique_window	8	8326
550	window_0550.fastq.gz	segdup_window	12	8327
551	window_0551.fastq.gz	unique_window	8	8328
552	window_0552.fastq.gz	tr_window	30+	8329
553	window_0553.fastq.gz	segdup_window	12	8330
554	window_0554.fastq.gz	segdup_window	12	8331
555	window_0555.fastq.gz	unique_window	8	8332
556	window_0556.fastq.gz	tr_window	30+	8333
557	window_0557.fastq.gz	segdup_window	12	8334
558	window_0558.fastq.gz	tr_window	30+	8335
559	window_0559.fastq.gz	tr_window	30+	8336
560	window_0560.fastq.gz	segdup_window	12	8337
561	window_0561.fastq.gz	tr_window	30+	8338
562	window_0562.fastq.gz	unique_window	8	8339
563	window_0563.fastq.gz	unique_window	8	8340
564	window_0564.fastq.gz	unique_window	8	8341
565	window_0565.fastq.gz	segdup_window	12	8342
566	window_0566.fastq.gz	unique_window	8	8343
567	window_0567.fastq.gz	unique_window	8	8344
568	window_0568.fastq.gz	segdup_window	12	8345
569	window_0569.fastq.gz	tr_window	30+	8346
570	window_0570.fastq.gz	segdup_window	12	8347
571	window_0571.fastq.gz	segdup_window	12	8348
572	window_0572.fastq.gz	segdup_window	12	8349
573	window_0573.fastq.gz	unique_window	8	8350
574	window_0574.fastq.gz	tr_window	30+	8351
575	window_0575.fastq.gz	tr_window	30+	8352
576	window_0576.fastq.gz	unique_window	8	8353
577	window_0577.fastq.gz	segdup_window	12	8354
578	window_0578.fastq.gz	unique_window	8	8355
579	window_0579.fastq.gz	unique_window	8	8356
580	window_0580.fastq.gz	unique_window	8	8357
581	window_0581.fastq.gz	unique_window	8	8358
582	window_0582.fastq.gz	unique_window	8	8359
583	window_0583.fastq.gz	tr_window	30+	8360
584	window_0584.fastq.gz	segdup_window	12	8361
585	window_0585.fastq.gz	segdup_window	12	8362
586	window_0586.fastq.gz	unique_window	8	8363
587	window_0587.fastq.gz	tr_window	30+	8364
588	window_0588.fastq.gz	tr_window	30+	8365
589	window_0589.fastq.gz	unique_window	8	8366
590	window_0590.fastq.gz	tr_window	30+	8367
591	window_0591.fastq.gz	tr_window	30+	8368
592	window_0592.fastq.gz	segdup_window	12	8369
593	window_0593.fastq.gz	segdup_window	12	8370
594	window_0594.fastq.gz	segdup_window	12	8371
595	window_0595.fastq.gz	segdup_window	12	8372
596	window_0596.fastq.gz	unique_window	8	8373
597	window_0597.fastq.gz	tr_window	30+	8374
598	window_0598.fastq.gz	segdup_window	12	8375
599	window_0599.fastq.gz	tr_window	30+	8376
600	window_0600.fastq.gz	segdup_window	12	8377
601	window_0601.fastq.gz	unique_window	8	8378
602	window_0602.fastq.gz	unique_window	8	8379
603	window_0603.fastq.gz	segdup_window	12	8380
604	window_0604.fastq.gz	unique_window	8	8381
605	window_0605.fastq.gz	unique_window	8	8382
606	window_0606.fastq.gz	segdup_window	12	8383
607	window_0607.fastq.gz	unique_window	8	8384
608	window_0608.fastq.gz	unique_window	8	8385
609	window_0609.fastq.gz	unique_window	8	8386
610	window_0610.fastq.gz	segdup_window	12	8387
611	window_0611.fastq.gz	tr_window	30+	8388
612	window_0612.fastq.gz	segdup_window	12	8389
613	window_0613.fastq.gz	segdup_window	12	8390
614	window_0614.fastq.gz	segdup_window	12	8391
615	window_0615.fastq.gz	tr_window	30+	8392
616	window_0616.fastq.gz	unique_window	8	8393
617	window_0617.fastq.gz	unique_window	8	8394
618	window_0618.fastq.gz	tr_window	30+	8395
619	window_0619.fastq.gz	tr_window	30+	8396
620	window_0620.fastq.gz	segdup_window	12	8397
621	window_0621.fastq.gz	segdup_window	12	8398
622	window_0622.fastq.gz	segdup_window	12	8399
623	window_0623.fastq.gz	segdup_window	12	8400
624	window_0624.fastq.gz	segdup_window	12	8401
625	window_0625.fastq.gz	segdup_window	12	8402
626	window_0626.fastq.gz	tr_window	30+	8403
627	window_0627.fastq.gz	tr_window	30+	8404
628	window_0628.fastq.gz	segdup_window	12	8405
629	window_0629.fastq.gz	unique_window	8	8406
630	window_0630.fastq.gz	segdup_window	12	8407
631	window_0631.fastq.gz	segdup_window	12	8408
632	window_0632.fastq.gz	unique_window	8	8409
633	window_0633.fastq.gz	tr_window	30+	8410
634	window_0634.fastq.gz	unique_window	8	8411
635	window_0635.fastq.gz	tr_window	30+	8412
636	window_0636.fastq.gz	unique_window	8	8413
637	window_0637.fastq.gz	unique_window	8	8414
638	window_0638.fastq.gz	tr_window	30+	8415
639	window_0639.fastq.gz	tr_window	30+	8416
640	window_0640.fastq.gz	unique_window	8	8417
641	window_0641.fastq.gz	unique_window	8	8418
642	window_0642.fastq.gz	unique_window	8	8419
643	window_0643.fastq.gz	tr_window	30+	8420
644	window_0644.fastq.gz	segdup_window	12	8421
645	window_0645.fastq.gz	tr_window	30+	8422
646	window_0646.fastq.gz	unique_window	8	8423
647	window_0647.fastq.gz	segdup_window	12	8424
648	window_0648.fastq.gz	tr_window	30+	8425
649	window_0649.fastq.gz	segdup_window	12	8426
650	window_0650.fastq.gz	unique_window	8	8427
651	window_0651.fastq.gz	segdup_window	12	8428
652	window_0652.fastq.gz	tr_window	30+	8429
653	window_0653.fastq.gz	unique_window	8	8430
654	window_0654.fastq.gz	segdup_window	12	8431
655	window_0655.fastq.gz	segdup_window	12	8432
656	window_0656.fastq.gz	segdup_window	12	8433
657	window_0657.fastq.gz	unique_window	8	8434
658	window_0658.fastq.gz	unique_window	8	8435
659	window_0659.fastq.gz	tr_window	30+	8436
660	window_0660.fastq.gz	unique_window	8	8437
661	window_0661.fastq.gz	segdup_window	12	8438
662	window_0662.fastq.gz	segdup_window	12	8439
663	window_0663.fastq.gz	tr_window	30+	8440
664	window_0664.fastq.gz	tr_window	30+	8441
665	window_0665.fastq.gz	tr_window	30+	8442
666	window_0666.fastq.gz	unique_window	8	8443
667	window_0667.fastq.gz	segdup_window	12	8444
668	window_0668.fastq.gz	segdup_window	12	8445
669	window_0669.fastq.gz	segdup_window	12	8446
670	window_0670.fastq.gz	segdup_window	12	8447
671	window_0671.fastq.gz	unique_window	8	8448
672	window_0672.fastq.gz	unique_window	8	8449
673	window_0673.fastq.gz	unique_window	8	8450
674	window_0674.fastq.gz	unique_window	8	8451
675	window_0675.fastq.gz	unique_window	8	8452
676	window_0676.fastq.gz	segdup_window	12	8453
677	window_0677.fastq.gz	unique_window	8	8454
678	window_0678.fastq.gz	unique_window	8	8455
679	window_0679.fastq.gz	unique_window	8	8456
680	window_0680.fastq.gz	segdup_window	12	8457
681	window_0681.fastq.gz	segdup_window	12	8458
682	window_0682.fastq.gz	segdup_window	12	8459
683	window_0683.fastq.gz	unique_window	8	8460
684	window_0684.fastq.gz	segdup_window	12	8461
685	window_0685.fastq.gz	unique_window	8	8462
686	window_0686.fastq.gz	unique_window	8	8463
687	window_0687.fastq.gz	tr_window	30+	8464
688	window_0688.fastq.gz	tr_window	30+	8465
689	window_0689.fastq.gz	tr_window	30+	8466
690	window_0690.fastq.gz	tr_window	30+	8467
691	window_0691.fastq.gz	segdup_window	12	8468
692	window_0692.fastq.gz	unique_window	8	8469
693	window_0693.fastq.gz	unique_window	8	8470
694	window_0694.fastq.gz	unique_window	8	8471
695	window_0695.fastq.gz	unique_window	8	8472
696	window_0696.fastq.gz	segdup_window	12	8473
697	window_0697.fastq.gz	segdup_window	12	8474
698	window_0698.fastq.gz	tr_window	30+	8475
699	window_0699.fastq.gz	segdup_window	12	8476
700	window_0700.fastq.gz	tr_window	30+	8477
701	window_0701.fastq.gz	unique_window	8	8478
702	window_0702.fastq.gz	tr_window	30+	8479
703	window_0703.fastq.gz	segdup_window	12	8480
704	window_0704.fastq.gz	unique_window	8	8481
705	window_0705.fastq.gz	segdup_window	12	8482
706	window_0706.fastq.gz	segdup_window	12	8483
707	window_0707.fastq.gz	segdup_window	12	8484
708	window_0708.fastq.gz	segdup_window	12	8485
709	window_0709.fastq.gz	segdup_window	12	8486
710	window_0710.fastq.gz	segdup_window	12	8487
711	window_0711.fastq.gz	segdup_window	12	8488
712	window_0712.fastq.gz	tr_window	30+	8489
713	window_0713.fastq.gz	segdup_window	12	8490
714	window_0714.fastq.gz	unique_window	8	8491
715	window_0715.fastq.gz	unique_window	8	8492
716	window_0716.fastq.gz	segdup_window	12	8493
717	window_0717.fastq.gz	unique_window	8	8494
718	window_0718.fastq.gz	unique_window	8	8495
719	window_0719.fastq.gz	unique_window	8	8496
720	window_0720.fastq.gz	segdup_window	12	8497
721	window_0721.fastq.gz	segdup_window	12	8498
722	window_0722.fastq.gz	unique_window	8	8499
723	window_0723.fastq.gz	unique_window	8	8500
724	window_0724.fastq.gz	unique_window	8	8501
725	window_0725.fastq.gz	unique_window	8	8502
726	window_0726.fastq.gz	tr_window	30+	8503
727	window_0727.fastq.gz	unique_window	8	8504
728	window_0728.fastq.gz	segdup_window	12	8505
729	window_0729.fastq.gz	unique_window	8	8506
730	window_0730.fastq.gz	tr_window	30+	8507
731	window_0731.fastq.gz	unique_window	8	8508
732	window_0732.fastq.gz	unique_window	8	8509
733	window_0733.fastq.gz	segdup_window	12	8510
734	window_0734.fastq.gz	segdup_window	12	8511
735	window_0735.fastq.gz	tr_window	30+	8512
736	window_0736.fastq.gz	unique_window	8	8513
737	window_0737.fastq.gz	unique_window	8	8514
738	window_0738.fastq.gz	unique_window	8	8515
739	window_0739.fastq.gz	unique_window	8	8516
740	window_0740.fastq.gz	segdup_window	12	8517
741	window_0741.fastq.gz	segdup_window	12	8518
742	window_0742.fastq.gz	segdup_window	12	8519
743	window_0743.fastq.gz	segdup_window	12	8520
744	window_0744.fastq.gz	unique_window	8	8521
745	window_0745.fastq.gz	segdup_window	12	8522
746	window_0746.fastq.gz	unique_window	8	8523
747	window_0747.fastq.gz	tr_window	30+	8524
748	window_0748.fastq.gz	tr_window	30+	8525
749	window_0749.fastq.gz	unique_window	8	8526
750	window_0750.fastq.gz	tr_window	30+	8527
751	window_0751.fastq.gz	segdup_window	12	8528
752	window_0752.fastq.gz	tr_window	30+	8529
753	window_0753.fastq.gz	tr_window	30+	8530
754	window_0754.fastq.gz	unique_window	8	8531
755	window_0755.fastq.gz	unique_window	8	8532
756	window_0756.fastq.gz	unique_window	8	8533
757	window_0757.fastq.gz	tr_window	30+	8534
758	window_0758.fastq.gz	tr_window	30+	8535
759	window_0759.fastq.gz	segdup_window	12	8536
760	window_0760.fastq.gz	segdup_window	12	8537
761	window_0761.fastq.gz	unique_window	8	8538
762	window_0762.fastq.gz	tr_window	30+	8539
763	window_0763.fastq.gz	unique_window	8	8540
764	window_0764.fastq.gz	segdup_window	12	8541
765	window_0765.fastq.gz	tr_window	30+	8542
766	window_0766.fastq.gz	unique_window	8	8543
767	window_0767.fastq.gz	tr_window	30+	8544
768	window_0768.fastq.gz	unique_window	8	8545
769	window_0769.fastq.gz	tr_window	30+	8546
770	window_0770.fastq.gz	unique_window	8	8547
771	window_0771.fastq.gz	unique_window	8	8548
772	window_0772.fastq.gz	unique_window	8	8549
773	window_0773.fastq.gz	tr_window	30+	8550
774	window_0774.fastq.gz	unique_window	8	8551
775	window_0775.fastq.gz	segdup_window	12	8552
776	window_0776.fastq.gz	tr_window	30+	8553
777	window_0777.fastq.gz	tr_window	30+	8554
778	window_0778.fastq.gz	tr_window	30+	8555
779	window_0779.fastq.gz	unique_window	8	8556
780	window_0780.fastq.gz	tr_window	30+	8557
781	window_0781.fastq.gz	unique_window	8	8558
782	window_0782.fastq.gz	tr_window	30+	8559
783	window_0783.fastq.gz	tr_window	30+	8560
784	window_0784.fastq.gz	segdup_window	12	8561
785	window_0785.fastq.gz	unique_window	8	8562
786	window_0786.fastq.gz	tr_window	30+	8563
787	window_0787.fastq.gz	segdup_window	12	8564
788	window_0788.fastq.gz	unique_window	8	8565
789	window_0789.fastq.gz	tr_window	30+	8566
790	window_0790.fastq.gz	tr_window	30+	8567
791	window_0791.fastq.gz	segdup_window	12	8568
792	window_0792.fastq.gz	segdup_window	12	8569
793	window_0793.fastq.gz	segdup_window	12	8570
794	window_0794.fastq.gz	tr_window	30+	8571
795	window_0795.fastq.gz	unique_window	8	8572
796	window_0796.fastq.gz	segdup_window	12	8573
797	window_0797.fastq.gz	segdup_window	12	8574
798	window_0798.fastq.gz	tr_window	30+	8575
799	window_0799.fastq.gz	tr_window	30+	8576
800	window_0800.fastq.gz	tr_window	30+	8577
801	window_0801.fastq.gz	tr_window	30+	8578
802	window_0802.fastq.gz	segdup_window	12	8579
803	window_0803.fastq.gz	segdup_window	12	8580
804	window_0804.fastq.gz	unique_window	8	8581
805	window_0805.fastq.gz	segdup_window	12	8582
806	window_0806.fastq.gz	unique_window	8	8583
807	window_0807.fastq.gz	unique_window	8	8584
808	window_0808.fastq.gz	unique_window	8	8585
809	window_0809.fastq.gz	unique_window	8	8586
810	window_0810.fastq.gz	segdup_window	12	8587
811	window_0811.fastq.gz	unique_window	8	8588
812	window_0812.fastq.gz	unique_window	8	8589
813	window_0813.fastq.gz	segdup_window	12	8590
814	window_0814.fastq.gz	tr_window	30+	8591
815	window_0815.fastq.gz	tr_window	30+	8592
816	window_0816.fastq.gz	segdup_window	12	8593
817	window_0817.fastq.gz	unique_window	8	8594
818	window_0818.fastq.gz	segdup_window	12	8595
819	window_0819.fastq.gz	tr_window	30+	8596
820	window_0820.fastq.gz	segdup_window	12	8597
821	window_0821.fastq.gz	segdup_window	12	8598
822	window_0822.fastq.gz	tr_window	30+	8599
823	window_0823.fastq.gz	segdup_window	12	8600
824	window_0824.fastq.gz	unique_window	8	8601
825	window_0825.fastq.gz	tr_window	30+	8602
826	window_0826.fastq.gz	segdup_window	12	8603
827	window_0827.fastq.gz	unique_window	8	8604
828	window_0828.fastq.gz	segdup_window	12	8605
829	window_0829.fastq.gz	segdup_window	12	8606
830	window_0830.fastq.gz	unique_window	8	8607
831	window_0831.fastq.gz	segdup_window	12	8608
832	window_0832.fastq.gz	unique_window	8	8609
833	window_0833.fastq.gz	segdup_window	12	8610
834	window_0834.fastq.gz	segdup_window	12	8611
835	window_0835.fastq.gz	segdup_window	12	8612
836	window_0836.fastq.gz	unique_window	8	8613
837	window_0837.fastq.gz	tr_window	30+	8614
838	window_0838.fastq.gz	segdup_window	12	8615
839	window_0839.fastq.gz	unique_window	8	8616
840	window_0840.fastq.gz	unique_window	8	8617
841	window_0841.fastq.gz	segdup_window	12	8618
842	window_0842.fastq.gz	tr_window	30+	8619
843	window_0843.fastq.gz	tr_window	30+	8620
844	window_0844.fastq.gz	segdup_window	12	8621
845	window_0845.fastq.gz	unique_window	8	8622
846	window_0846.fastq.gz	unique_window	8	8623
847	window_0847.fastq.gz	segdup_window	12	8624
848	window_0848.fastq.gz	segdup_window	12	8625
849	window_0849.fastq.gz	segdup_window	12	8626
850	window_0850.fastq.gz	tr_window	30+	8627
851	window_0851.fastq.gz	segdup_window	12	8628
852	window_0852.fastq.gz	unique_window	8	8629
853	window_0853.fastq.gz	segdup_window	12	8630
854	window_0854.fastq.gz	segdup_window	12	8631
855	window_0855.fastq.gz	unique_window	8	8632
856	window_0856.fastq.gz	unique_window	8	8633
857	window_0857.fastq.gz	unique_window	8	8634
858	window_0858.fastq.gz	segdup_window	12	8635
859	window_0859.fastq.gz	tr_window	30+	8636
860	window_0860.fastq.gz	tr_window	30+	8637
861	window_0861.fastq.gz	tr_window	30+	8638
862	window_0862.fastq.gz	unique_window	8	8639
863	window_0863.fastq.gz	segdup_window	12	8640
864	window_0864.fastq.gz	unique_window	8	8641
865	window_0865.fastq.gz	unique_window	8	8642
866	window_0866.fastq.gz	unique_window	8	8643
867	window_0867.fastq.gz	tr_window	30+	8644
868	window_0868.fastq.gz	segdup_window	12	8645
869	window_0869.fastq.gz	unique_window	8	8646
870	window_0870.fastq.gz	unique_window	8	8647
871	window_0871.fastq.gz	tr_window	30+	8648
872	window_0872.fastq.gz	unique_window	8	8649
873	window_0873.fastq.gz	tr_window	30+	8650
874	window_0874.fastq.gz	segdup_window	12	8651
875	window_0875.fastq.gz	tr_window	30+	8652
876	window_0876.fastq.gz	segdup_window	12	8653
877	window_0877.fastq.gz	segdup_window	12	8654
878	window_0878.fastq.gz	unique_window	8	8655
879	window_0879.fastq.gz	segdup_window	12	8656
880	window_0880.fastq.gz	unique_window	8	8657
881	window_0881.fastq.gz	segdup_window	12	8658
882	window_0882.fastq.gz	segdup_window	12	8659
883	window_0883.fastq.gz	segdup_window	12	8660
884	window_0884.fastq.gz	unique_window	8	8661
885	window_0885.fastq.gz	unique_window	8	8662
886	window_0886.fastq.gz	unique_window	8	8663
887	window_0887.fastq.gz	unique_window	8	8664
888	window_0888.fastq.gz	segdup_window	12	8665
889	window_0889.fastq.gz	tr_window	30+	8666
890	window_0890.fastq.gz	unique_window	8	8667
891	window_0891.fastq.gz	tr_window	30+	8668
892	window_0892.fastq.gz	tr_window	30+	8669
893	window_0893.fastq.gz	segdup_window	12	8670
894	window_0894.fastq.gz	unique_window	8	8671
895	window_0895.fastq.gz	unique_window	8	8672
896	window_0896.fastq.gz	tr_window	30+	8673
897	window_0897.fastq.gz	unique_window	8	8674
898	window_0898.fastq.gz	unique_window	8	8675
899	window_0899.fastq.gz	tr_window	30+	8676
900	window_0900.fastq.gz	unique_window	8	8677
901	window_0901.fastq.gz	unique_window	8	8678
902	window_0902.fastq.gz	segdup_window	12	8679
903	window_0903.fastq.gz	segdup_window	12	8680
904	window_0904.fastq.gz	unique_window	8	8681
905	window_0905.fastq.gz	segdup_window	12	8682
906	window_0906.fastq.gz	segdup_window	12	8683
907	window_0907.fastq.gz	unique_window	8	8684
908	window_0908.fastq.gz	unique_window	8	8685
909	window_0909.fastq.gz	segdup_window	12	8686
910	window_0910.fastq.gz	unique_window	8	8687
911	window_0911.fastq.gz	segdup_window	12	8688
912	window_0912.fastq.gz	segdup_window	12	8689
913	window_0913.fastq.gz	segdup_window	12	8690
914	window_0914.fastq.gz	unique_window	8	8691
915	window_0915.fastq.gz	unique_window	8	8692
916	window_0916.fastq.gz	segdup_window	12	8693
917	window_0917.fastq.gz	tr_window	30+	8694
918	window_0918.fastq.gz	tr_window	30+	8695
919	window_0919.fastq.gz	segdup_window	12	8696
920	window_0920.fastq.gz	segdup_window	12	8697
921	window_0921.fastq.gz	segdup_window	12	8698
922	window_0922.fastq.gz	unique_window	8	8699
923	window_0923.fastq.gz	segdup_window	12	8700
924	window_0924.fastq.gz	unique_window	8	8701
925	window_0925.fastq.gz	unique_window	8	8702
926	window_0926.fastq.gz	unique_window	8	8703
927	window_0927.fastq.gz	unique_window	8	8704
928	window_0928.fastq.gz	tr_window	30+	8705
929	window_0929.fastq.gz	tr_window	30+	8706
930	window_0930.fastq.gz	segdup_window	12	8707
931	window_0931.fastq.gz	tr_window	30+	8708
932	window_0932.fastq.gz	unique_window	8	8709
933	window_0933.fastq.gz	tr_window	30+	8710
934	window_0934.fastq.gz	tr_window	30+	8711
935	window_0935.fastq.gz	segdup_window	12	8712
936	window_0936.fastq.gz	tr_window	30+	8713
937	window_0937.fastq.gz	tr_window	30+	8714
938	window_0938.fastq.gz	unique_window	8	8715
939	window_0939.fastq.gz	unique_window	8	8716
940	window_0940.fastq.gz	segdup_window	12	8717
941	window_0941.fastq.gz	unique_window	8	8718
942	window_0942.fastq.gz	tr_window	30+	8719
943	window_0943.fastq.gz	unique_window	8	8720
944	window_0944.fastq.gz	unique_window	8	8721
945	window_0945.fastq.gz	tr_window	30+	8722
946	window_0946.fastq.gz	tr_window	30+	8723
947	window_0947.fastq.gz	unique_window	8	8724
948	window_0948.fastq.gz	unique_window	8	8725
949	window_0949.fastq.gz	unique_window	8	8726
950	window_0950.fastq.gz	unique_window	8	8727
951	window_0951.fastq.gz	unique_window	8	8728
952	window_0952.fastq.gz	segdup_window	12	8729
953	window_0953.fastq.gz	segdup_window	12	8730
954	window_0954.fastq.gz	segdup_window	12	8731
955	window_0955.fastq.gz	tr_window	30+	8732
956	window_0956.fastq.gz	tr_window	30+	8733
957	window_0957.fastq.gz	unique_window	8	8734
958	window_0958.fastq.gz	segdup_window	12	8735
959	window_0959.fastq.gz	unique_window	8	8736
960	window_0960.fastq.gz	unique_window	8	8737
961	window_0961.fastq.gz	tr_window	30+	8738
962	window_0962.fastq.gz	unique_window	8	8739
963	window_0963.fastq.gz	segdup_window	12	8740
964	window_0964.fastq.gz	tr_window	30+	8741
965	window_0965.fastq.gz	segdup_window	12	8742
966	window_0966.fastq.gz	tr_window	30+	8743
967	window_0967.fastq.gz	tr_window	30+	8744
968	window_0968.fastq.gz	tr_window	30+	8745
969	window_0969.fastq.gz	tr_window	30+	8746
970	window_0970.fastq.gz	unique_window	8	8747
971	window_0971.fastq.gz	unique_window	8	8748
972	window_0972.fastq.gz	tr_window	30+	8749
973	window_0973.fastq.gz	tr_window	30+	8750
974	window_0974.fastq.gz	segdup_window	12	8751
975	window_0975.fastq.gz	tr_window	30+	8752
976	window_0976.fastq.gz	segdup_window	12	8753
977	window_0977.fastq.gz	unique_window	8	8754
978	window_0978.fastq.gz	tr_window	30+	8755
979	window_0979.fastq.gz	segdup_window	12	8756
980	window_0980.fastq.gz	tr_window	30+	8757
981	window_0981.fastq.gz	unique_window	8	8758
982	window_0982.fastq.gz	segdup_window	12	8759
983	window_0983.fastq.gz	segdup_window	12	8760
984	window_0984.fastq.gz	unique_window	8	8761
985	window_0985.fastq.gz	segdup_window	12	8762
986	window_0986.fastq.gz	unique_window	8	8763
987	window_0987.fastq.gz	unique_window	8	8764
988	window_0988.fastq.gz	tr_window	30+	8765
989	window_0989.fastq.gz	segdup_window	12	8766
990	window_0990.fastq.gz	unique_window	8	8767
991	window_0991.fastq.gz	tr_window	30+	8768
992	window_0992.fastq.gz	tr_window	30+	8769
993	window_0993.fastq.gz	tr_window	30+	8770
994	window_0994.fastq.gz	segdup_window	12	8771
995	window_0995.fastq.gz	segdup_window	12	8772
996	window_0996.fastq.gz	tr_window	30+	8773
997	window_0997.fastq.gz	tr_window	30+	8774
998	window_0998.fastq.gz	tr_window	30+	8775
999	window_0999.fastq.gz	unique_window	8	8776
1000	window_1000.fastq.gz	segdup_window	12	8777
1001	window_1001.fastq.gz	unique_window	8	8778
1002	window_1002.fastq.gz	unique_window	8	8779
1003	window_1003.fastq.gz	segdup_window	12	8780
1004	window_1004.fastq.gz	tr_window	30+	8781
1005	window_1005.fastq.gz	tr_window	30+	8782
1006	window_1006.fastq.gz	unique_window	8	8783
1007	window_1007.fastq.gz	tr_window	30+	8784
1008	window_1008.fastq.gz	unique_window	8	8785
1009	window_1009.fastq.gz	tr_window	30+	8786
1010	window_1010.fastq.gz	unique_window	8	8787
1011	window_1011.fastq.gz	unique_window	8	8788
1012	window_1012.fastq.gz	segdup_window	12	8789
1013	window_1013.fastq.gz	segdup_window	12	8790
1014	window_1014.fastq.gz	unique_window	8	8791
1015	window_1015.fastq.gz	segdup_window	12	8792
1016	window_1016.fastq.gz	unique_window	8	8793
1017	window_1017.fastq.gz	segdup_window	12	8794
1018	window_1018.fastq.gz	segdup_window	12	8795
1019	window_1019.fastq.gz	unique_window	8	8796
1020	window_1020.fastq.gz	unique_window	8	8797
1021	window_1021.fastq.gz	unique_window	8	8798
1022	window_1022.fastq.gz	segdup_window	12	8799
1023	window_1023.fastq.gz	segdup_window	12	8800
1024	window_1024.fastq.gz	segdup_window	12	8801
1025	window_1025.fastq.gz	tr_window	30+	8802
1026	window_1026.fastq.gz	unique_window	8	8803
1027	window_1027.fastq.gz	unique_window	8	8804
1028	window_1028.fastq.gz	segdup_window	12	8805
1029	window_1029.fastq.gz	unique_window	8	8806
1030	window_1030.fastq.gz	segdup_window	12	8807
1031	window_1031.fastq.gz	unique_window	8	8808
1032	window_1032.fastq.gz	segdup_window	12	8809
1033	window_1033.fastq.gz	segdup_window	12	8810
1034	window_1034.fastq.gz	tr_window	30+	8811
1035	window_1035.fastq.gz	segdup_window	12	8812
1036	window_1036.fastq.gz	segdup_window	12	8813
1037	window_1037.fastq.gz	unique_window	8	8814
1038	window_1038.fastq.gz	segdup_window	12	8815
1039	window_1039.fastq.gz	unique_window	8	8816
1040	window_1040.fastq.gz	unique_window	8	8817
1041	window_1041.fastq.gz	unique_window	8	8818
1042	window_1042.fastq.gz	tr_window	30+	8819
1043	window_1043.fastq.gz	unique_window	8	8820
1044	window_1044.fastq.gz	segdup_window	12	8821
1045	window_1045.fastq.gz	unique_window	8	8822
1046	window_1046.fastq.gz	segdup_window	12	8823
1047	window_1047.fastq.gz	segdup_window	12	8824
1048	window_1048.fastq.gz	unique_window	8	8825
1049	window_1049.fastq.gz	segdup_window	12	8826
1050	window_1050.fastq.gz	segdup_window	12	8827
1051	window_1051.fastq.gz	segdup_window	12	8828
1052	window_1052.fastq.gz	tr_window	30+	8829
1053	window_1053.fastq.gz	segdup_window	12	8830
1054	window_1054.fastq.gz	unique_window	8	8831
1055	window_1055.fastq.gz	unique_window	8	8832
1056	window_1056.fastq.gz	unique_window	8	8833
1057	window_1057.fastq.gz	unique_window	8	8834
1058	window_1058.fastq.gz	tr_window	30+	8835
1059	window_1059.fastq.gz	tr_window	30+	8836
1060	window_1060.fastq.gz	tr_window	30+	8837
1061	window_1061.fastq.gz	unique_window	8	8838
1062	window_1062.fastq.gz	segdup_window	12	8839
1063	window_1063.fastq.gz	unique_window	8	8840
1064	window_1064.fastq.gz	unique_window	8	8841
1065	window_1065.fastq.gz	segdup_window	12	8842
1066	window_1066.fastq.gz	segdup_window	12	8843
1067	window_1067.fastq.gz	unique_window	8	8844
1068	window_1068.fastq.gz	unique_window	8	8845
1069	window_1069.fastq.gz	segdup_window	12	8846
1070	window_1070.fastq.gz	segdup_window	12	8847
1071	window_1071.fastq.gz	tr_window	30+	8848
1072	window_1072.fastq.gz	segdup_window	12	8849
1073	window_1073.fastq.gz	unique_window	8	8850
1074	window_1074.fastq.gz	tr_window	30+	8851
1075	window_1075.fastq.gz	segdup_window	12	8852
1076	window_1076.fastq.gz	tr_window	30+	8853
1077	window_1077.fastq.gz	unique_window	8	8854
1078	window_1078.fastq.gz	unique_window	8	8855
1079	window_1079.fastq.gz	unique_window	8	8856
1080	window_1080.fastq.gz	unique_window	8	8857
1081	window_1081.fastq.gz	unique_window	8	8858
1082	window_1082.fastq.gz	segdup_window	12	8859
1083	window_1083.fastq.gz	segdup_window	12	8860
1084	window_1084.fastq.gz	unique_window	8	8861
1085	window_1085.fastq.gz	unique_window	8	8862
1086	window_1086.fastq.gz	unique_window	8	8863
1087	window_1087.fastq.gz	tr_window	30+	8864
1088	window_1088.fastq.gz	segdup_window	12	8865
1089	window_1089.fastq.gz	unique_window	8	8866
1090	window_1090.fastq.gz	unique_window	8	8867
1091	window_1091.fastq.gz	tr_window	30+	8868
1092	window_1092.fastq.gz	unique_window	8	8869
1093	window_1093.fastq.gz	tr_window	30+	8870
1094	window_1094.fastq.gz	unique_window	8	8871
1095	window_1095.fastq.gz	tr_window	30+	8872
1096	window_1096.fastq.gz	segdup_window	12	8873
1097	window_1097.fastq.gz	tr_window	30+	8874
1098	window_1098.fastq.gz	unique_window	8	8875
1099	window_1099.fastq.gz	segdup_window	12	8876
1100	window_1100.fastq.gz	unique_window	8	8877
1101	window_1101.fastq.gz	tr_window	30+	8878
1102	window_1102.fastq.gz	segdup_window	12	8879
1103	window_1103.fastq.gz	segdup_window	12	8880
1104	window_1104.fastq.gz	unique_window	8	8881
1105	window_1105.fastq.gz	segdup_window	12	8882
1106	window_1106.fastq.gz	segdup_window	12	8883
1107	window_1107.fastq.gz	unique_window	8	8884
1108	window_1108.fastq.gz	unique_window	8	8885
1109	window_1109.fastq.gz	unique_window	8	8886
1110	window_1110.fastq.gz	unique_window	8	8887
1111	window_1111.fastq.gz	segdup_window	12	8888
1112	window_1112.fastq.gz	unique_window	8	8889
1113	window_1113.fastq.gz	unique_window	8	8890
1114	window_1114.fastq.gz	tr_window	30+	8891
1115	window_1115.fastq.gz	unique_window	8	8892
1116	window_1116.fastq.gz	segdup_window	12	8893
1117	window_1117.fastq.gz	tr_window	30+	8894
1118	window_1118.fastq.gz	unique_window	8	8895
1119	window_1119.fastq.gz	tr_window	30+	8896
1120	window_1120.fastq.gz	tr_window	30+	8897
1121	window_1121.fastq.gz	segdup_window	12	8898
1122	window_1122.fastq.gz	unique_window	8	8899
1123	window_1123.fastq.gz	unique_window	8	8900
1124	window_1124.fastq.gz	unique_window	8	8901
1125	window_1125.fastq.gz	unique_window	8	8902
1126	window_1126.fastq.gz	segdup_window	12	8903
1127	window_1127.fastq.gz	tr_window	30+	8904
1128	window_1128.fastq.gz	segdup_window	12	8905
1129	window_1129.fastq.gz	tr_window	30+	8906
1130	window_1130.fastq.gz	segdup_window	12	8907
1131	window_1131.fastq.gz	unique_window	8	8908
1132	window_1132.fastq.gz	segdup_window	12	8909
1133	window_1133.fastq.gz	unique_window	8	8910
1134	window_1134.fastq.gz	segdup_window	12	8911
1135	window_1135.fastq.gz	tr_window	30+	8912
1136	window_1136.fastq.gz	tr_window	30+	8913
1137	window_1137.fastq.gz	segdup_window	12	8914
1138	window_1138.fastq.gz	tr_window	30+	8915
1139	window_1139.fastq.gz	tr_window	30+	8916
1140	window_1140.fastq.gz	segdup_window	12	8917
1141	window_1141.fastq.gz	segdup_window	12	8918
1142	window_1142.fastq.gz	unique_window	8	8919
1143	window_1143.fastq.gz	tr_window	30+	8920
1144	window_1144.fastq.gz	unique_window	8	8921
1145	window_1145.fastq.gz	unique_window	8	8922
1146	window_1146.fastq.gz	segdup_window	12	8923
1147	window_1147.fastq.gz	unique_window	8	8924
1148	window_1148.fastq.gz	tr_window	30+	8925
1149	window_1149.fastq.gz	tr_window	30+	8926
1150	window_1150.fastq.gz	unique_window	8	8927
1151	window_1151.fastq.gz	segdup_window	12	8928
1152	window_1152.fastq.gz	segdup_window	12	8929
1153	window_1153.fastq.gz	unique_window	8	8930
1154	window_1154.fastq.gz	tr_window	30+	8931
1155	window_1155.fastq.gz	tr_window	30+	8932
1156	window_1156.fastq.gz	unique_window	8	8933
1157	window_1157.fastq.gz	unique_window	8	8934
1158	window_1158.fastq.gz	unique_window	8	8935
1159	window_1159.fastq.gz	tr_window	30+	8936
1160	window_1160.fastq.gz	unique_window	8	8937
1161	window_1161.fastq.gz	unique_window	8	8938
1162	window_1162.fastq.gz	unique_window	8	8939
1163	window_1163.fastq.gz	segdup_window	12	8940
1164	window_1164.fastq.gz	tr_window	30+	8941
1165	window_1165.fastq.gz	unique_window	8	8942
1166	window_1166.fastq.gz	unique_window	8	8943
1167	window_1167.fastq.gz	unique_window	8	8944
1168	window_1168.fastq.gz	unique_window	8	8945
1169	window_1169.fastq.gz	segdup_window	12	8946
1170	window_1170.fastq.gz	unique_window	8	8947
1171	window_1171.fastq.gz	unique_window	8	8948
1172	window_1172.fastq.gz	unique_window	8	8949
1173	window_1173.fastq.gz	unique_window	8	8950
1174	window_1174.fastq.gz	segdup_window	12	8951
1175	window_1175.fastq.gz	unique_window	8	8952
1176	window_1176.fastq.gz	tr_window	30+	8953
1177	window_1177.fastq.gz	segdup_window	12	8954
1178	window_1178.fastq.gz	unique_window	8	8955
1179	window_1179.fastq.gz	segdup_window	12	8956
1180	window_1180.fastq.gz	tr_window	30+	8957
1181	window_1181.fastq.gz	unique_window	8	8958
1182	window_1182.fastq.gz	tr_window	30+	8959
1183	window_1183.fastq.gz	unique_window	8	8960
1184	window_1184.fastq.gz	segdup_window	12	8961
1185	window_1185.fastq.gz	tr_window	30+	8962
1186	window_1186.fastq.gz	segdup_window	12	8963
1187	window_1187.fastq.gz	segdup_window	12	8964
1188	window_1188.fastq.gz	tr_window	30+	8965
1189	window_1189.fastq.gz	unique_window	8	8966
1190	window_1190.fastq.gz	unique_window	8	8967
1191	window_1191.fastq.gz	tr_window	30+	8968
1192	window_1192.fastq.gz	tr_window	30+	8969
1193	window_1193.fastq.gz	segdup_window	12	8970
1194	window_1194.fastq.gz	tr_window	30+	8971
1195	window_1195.fastq.gz	segdup_window	12	8972
1196	window_1196.fastq.gz	tr_window	30+	8973
1197	window_1197.fastq.gz	unique_window	8	8974
1198	window_1198.fastq.gz	unique_window	8	8975
1199	window_1199.fastq.gz	segdup_window	12	8976
1200	window_1200.fastq.gz	segdup_window	12	8977
1201	window_1201.fastq.gz	tr_window	30+	8978
1202	window_1202.fastq.gz	segdup_window	12	8979
1203	window_1203.fastq.gz	segdup_window	12	8980
1204	window_1204.fastq.gz	tr_window	30+	8981
1205	window_1205.fastq.gz	tr_window	30+	8982
1206	window_1206.fastq.gz	unique_window	8	8983
1207	window_1207.fastq.gz	unique_window	8	8984
1208	window_1208.fastq.gz	unique_window	8	8985
1209	window_1209.fastq.gz	unique_window	8	8986
1210	window_1210.fastq.gz	unique_window	8	8987
1211	window_1211.fastq.gz	tr_window	30+	8988
1212	window_1212.fastq.gz	tr_window	30+	8989
1213	window_1213.fastq.gz	unique_window	8	8990
1214	window_1214.fastq.gz	tr_window	30+	8991
1215	window_1215.fastq.gz	unique_window	8	8992
1216	window_1216.fastq.gz	segdup_window	12	8993
1217	window_1217.fastq.gz	segdup_window	12	8994
1218	window_1218.fastq.gz	tr_window	30+	8995
1219	window_1219.fastq.gz	unique_window	8	8996
1220	window_1220.fastq.gz	tr_window	30+	8997
1221	window_1221.fastq.gz	segdup_window	12	8998
1222	window_1222.fastq.gz	tr_window	30+	8999
1223	window_1223.fastq.gz	unique_window	8	9000
1224	window_1224.fastq.gz	unique_window	8	9001
1225	window_1225.fastq.gz	unique_window	8	9002
1226	window_1226.fastq.gz	unique_window	8	9003
1227	window_1227.fastq.gz	tr_window	30+	9004
1228	window_1228.fastq.gz	unique_window	8	9005
1229	window_1229.fastq.gz	unique_window	8	9006
1230	window_1230.fastq.gz	tr_window	30+	9007
1231	window_1231.fastq.gz	segdup_window	12	9008
1232	window_1232.fastq.gz	tr_window	30+	9009
1233	window_1233.fastq.gz	unique_window	8	9010
1234	window_1234.fastq.gz	unique_window	8	9011
1235	window_1235.fastq.gz	unique_window	8	9012
1236	window_1236.fastq.gz	tr_window	30+	9013
1237	window_1237.fastq.gz	tr_window	30+	9014
1238	window_1238.fastq.gz	unique_window	8	9015
1239	window_1239.fastq.gz	tr_window	30+	9016
1240	window_1240.fastq.gz	segdup_window	12	9017
1241	window_1241.fastq.gz	unique_window	8	9018
1242	window_1242.fastq.gz	unique_window	8	9019
1243	window_1243.fastq.gz	tr_window	30+	9020
1244	window_1244.fastq.gz	tr_window	30+	9021
1245	window_1245.fastq.gz	unique_window	8	9022
1246	window_1246.fastq.gz	tr_window	30+	9023
1247	window_1247.fastq.gz	unique_window	8	9024
1248	window_1248.fastq.gz	unique_window	8	9025
1249	window_1249.fastq.gz	segdup_window	12	9026
1250	window_1250.fastq.gz	segdup_window	12	9027
1251	window_1251.fastq.gz	segdup_window	12	9028
1252	window_1252.fastq.gz	segdup_window	12	9029
1253	window_1253.fastq.gz	unique_window	8	9030
1254	window_1254.fastq.gz	segdup_window	12	9031
1255	window_1255.fastq.gz	segdup_window	12	9032
1256	window_1256.fastq.gz	tr_window	30+	9033
1257	window_1257.fastq.gz	segdup_window	12	9034
1258	window_1258.fastq.gz	unique_window	8	9035
1259	window_1259.fastq.gz	unique_window	8	9036
1260	window_1260.fastq.gz	unique_window	8	9037
1261	window_1261.fastq.gz	unique_window	8	9038
1262	window_1262.fastq.gz	segdup_window	12	9039
1263	window_1263.fastq.gz	tr_window	30+	9040
1264	window_1264.fastq.gz	unique_window	8	9041
1265	window_1265.fastq.gz	tr_window	30+	9042
1266	window_1266.fastq.gz	segdup_window	12	9043
1267	window_1267.fastq.gz	tr_window	30+	9044
1268	window_1268.fastq.gz	segdup_window	12	9045
1269	window_1269.fastq.gz	tr_window	30+	9046
1270	window_1270.fastq.gz	unique_window	8	9047
1271	window_1271.fastq.gz	tr_window	30+	9048
1272	window_1272.fastq.gz	segdup_window	12	9049
1273	window_1273.fastq.gz	segdup_window	12	9050
1274	window_1274.fastq.gz	segdup_window	12	9051
1275	window_1275.fastq.gz	unique_window	8	9052
1276	window_1276.fastq.gz	tr_window	30+	9053
1277	window_1277.fastq.gz	segdup_window	12	9054
1278	window_1278.fastq.gz	segdup_window	12	9055
1279	window_1279.fastq.gz	tr_window	30+	9056
1280	window_1280.fastq.gz	tr_window	30+	9057
1281	window_1281.fastq.gz	tr_window	30+	9058
1282	window_1282.fastq.gz	segdup_window	12	9059
1283	window_1283.fastq.gz	segdup_window	12	9060
1284	window_1284.fastq.gz	segdup_window	12	9061
1285	window_1285.fastq.gz	tr_window	30+	9062
1286	window_1286.fastq.gz	segdup_window	12	9063
1287	window_1287.fastq.gz	tr_window	30+	9064
1288	window_1288.fastq.gz	unique_window	8	9065
1289	window_1289.fastq.gz	segdup_window	12	9066
1290	window_1290.fastq.gz	tr_window	30+	9067
1291	window_1291.fastq.gz	unique_window	8	9068
1292	window_1292.fastq.gz	segdup_window	12	9069
1293	window_1293.fastq.gz	segdup_window	12	9070
1294	window_1294.fastq.gz	segdup_window	12	9071
1295	window_1295.fastq.gz	segdup_window	12	9072
1296	window_1296.fastq.gz	unique_window	8	9073
1297	window_1297.fastq.gz	unique_window	8	9074
1298	window_1298.fastq.gz	unique_window	8	9075
1299	window_1299.fastq.gz	unique_window	8	9076
1300	window_1300.fastq.gz	segdup_window	12	9077
1301	window_1301.fastq.gz	unique_window	8	9078
1302	window_1302.fastq.gz	unique_window	8	9079
1303	window_1303.fastq.gz	unique_window	8	9080
1304	window_1304.fastq.gz	unique_window	8	9081
1305	window_1305.fastq.gz	unique_window	8	9082
1306	window_1306.fastq.gz	unique_window	8	9083
1307	window_1307.fastq.gz	segdup_window	12	9084
1308	window_1308.fastq.gz	tr_window	30+	9085
1309	window_1309.fastq.gz	unique_window	8	9086
1310	window_1310.fastq.gz	segdup_window	12	9087
1311	window_1311.fastq.gz	segdup_window	12	9088
1312	window_1312.fastq.gz	unique_window	8	9089
1313	window_1313.fastq.gz	segdup_window	12	9090
1314	window_1314.fastq.gz	tr_window	30+	9091
1315	window_1315.fastq.gz	segdup_window	12	9092
1316	window_1316.fastq.gz	unique_window	8	9093
1317	window_1317.fastq.gz	segdup_window	12	9094
1318	window_1318.fastq.gz	tr_window	30+	9095
1319	window_1319.fastq.gz	tr_window	30+	9096
1320	window_1320.fastq.gz	segdup_window	12	9097
1321	window_1321.fastq.gz	segdup_window	12	9098
1322	window_1322.fastq.gz	segdup_window	12	9099
1323	window_1323.fastq.gz	tr_window	30+	9100
1324	window_1324.fastq.gz	unique_window	8	9101
1325	window_1325.fastq.gz	unique_window	8	9102
1326	window_1326.fastq.gz	unique_window	8	9103
1327	window_1327.fastq.gz	tr_window	30+	9104
1328	window_1328.fastq.gz	segdup_window	12	9105
1329	window_1329.fastq.gz	segdup_window	12	9106
1330	window_1330.fastq.gz	unique_window	8	9107
1331	window_1331.fastq.gz	segdup_window	12	9108
1332	window_1332.fastq.gz	segdup_window	12	9109
1333	window_1333.fastq.gz	unique_window	8	9110
1334	window_1334.fastq.gz	unique_window	8	9111
1335	window_1335.fastq.gz	unique_window	8	9112
1336	window_1336.fastq.gz	segdup_window	12	9113
1337	window_1337.fastq.gz	unique_window	8	9114
1338	window_1338.fastq.gz	segdup_window	12	9115
1339	window_1339.fastq.gz	unique_window	8	9116
1340	window_1340.fastq.gz	segdup_window	12	9117
1341	window_1341.fastq.gz	segdup_window	12	9118
1342	window_1342.fastq.gz	segdup_window	12	9119
1343	window_1343.fastq.gz	unique_window	8	9120
1344	window_1344.fastq.gz	tr_window	30+	9121
1345	window_1345.fastq.gz	tr_window	30+	9122
1346	window_1346.fastq.gz	tr_window	30+	9123
1347	window_1347.fastq.gz	tr_window	30+	9124
1348	window_1348.fastq.gz	tr_window	30+	9125
1349	window_1349.fastq.gz	segdup_window	12	9126
1350	window_1350.fastq.gz	tr_window	30+	9127
1351	window_1351.fastq.gz	segdup_window	12	9128
1352	window_1352.fastq.gz	segdup_window	12	9129
1353	window_1353.fastq.gz	tr_window	30+	9130
1354	window_1354.fastq.gz	unique_window	8	9131
1355	window_1355.fastq.gz	unique_window	8	9132
1356	window_1356.fastq.gz	unique_window	8	9133
1357	window_1357.fastq.gz	unique_window	8	9134
1358	window_1358.fastq.gz	unique_window	8	9135
1359	window_1359.fastq.gz	segdup_window	12	9136
1360	window_1360.fastq.gz	unique_window	8	9137
1361	window_1361.fastq.gz	tr_window	30+	9138
1362	window_1362.fastq.gz	segdup_window	12	9139
1363	window_1363.fastq.gz	tr_window	30+	9140
1364	window_1364.fastq.gz	segdup_window	12	9141
1365	window_1365.fastq.gz	unique_window	8	9142
1366	window_1366.fastq.gz	tr_window	30+	9143
1367	window_1367.fastq.gz	unique_window	8	9144
1368	window_1368.fastq.gz	unique_window	8	9145
1369	window_1369.fastq.gz	unique_window	8	9146
1370	window_1370.fastq.gz	tr_window	30+	9147
1371	window_1371.fastq.gz	segdup_window	12	9148
1372	window_1372.fastq.gz	unique_window	8	9149
1373	window_1373.fastq.gz	tr_window	30+	9150
1374	window_1374.fastq.gz	unique_window	8	9151
1375	window_1375.fastq.gz	unique_window	8	9152
1376	window_1376.fastq.gz	tr_window	30+	9153
1377	window_1377.fastq.gz	segdup_window	12	9154
1378	window_1378.fastq.gz	unique_window	8	9155
1379	window_1379.fastq.gz	unique_window	8	9156
1380	window_1380.fastq.gz	unique_window	8	9157
1381	window_1381.fastq.gz	segdup_window	12	9158
1382	window_1382.fastq.gz	unique_window	8	9159
1383	window_1383.fastq.gz	unique_window	8	9160
1384	window_1384.fastq.gz	tr_window	30+	9161
1385	window_1385.fastq.gz	tr_window	30+	9162
1386	window_1386.fastq.gz	tr_window	30+	9163
1387	window_1387.fastq.gz	tr_window	30+	9164
1388	window_1388.fastq.gz	unique_window	8	9165
1389	window_1389.fastq.gz	segdup_window	12	9166
1390	window_1390.fastq.gz	segdup_window	12	9167
1391	window_1391.fastq.gz	unique_window	8	9168
1392	window_1392.fastq.gz	segdup_window	12	9169
1393	window_1393.fastq.gz	tr_window	30+	9170
1394	window_1394.fastq.gz	tr_window	30+	9171
1395	window_1395.fastq.gz	tr_window	30+	9172
1396	window_1396.fastq.gz	unique_window	8	9173
1397	window_1397.fastq.gz	unique_window	8	9174
1398	window_1398.fastq.gz	unique_window	8	9175
1399	window_1399.fastq.gz	unique_window	8	9176
1400	window_1400.fastq.gz	segdup_window	12	9177
1401	window_1401.fastq.gz	unique_window	8	9178
1402	window_1402.fastq.gz	unique_window	8	9179
1403	window_1403.fastq.gz	unique_window	8	9180
1404	window_1404.fastq.gz	unique_window	8	9181
1405	window_1405.fastq.gz	unique_window	8	9182
1406	window_1406.fastq.gz	unique_window	8	9183
1407	window_1407.fastq.gz	unique_window	8	9184
1408	window_1408.fastq.gz	segdup_window	12	9185
1409	window_1409.fastq.gz	unique_window	8	9186
1410	window_1410.fastq.gz	unique_window	8	9187
1411	window_1411.fastq.gz	tr_window	30+	9188
1412	window_1412.fastq.gz	tr_window	30+	9189
1413	window_1413.fastq.gz	tr_window	30+	9190
1414	window_1414.fastq.gz	segdup_window	12	9191
1415	window_1415.fastq.gz	segdup_window	12	9192
1416	window_1416.fastq.gz	unique_window	8	9193
1417	window_1417.fastq.gz	unique_window	8	9194
1418	window_1418.fastq.gz	segdup_window	12	9195
1419	window_1419.fastq.gz	unique_window	8	9196
1420	window_1420.fastq.gz	unique_window	8	9197
1421	window_1421.fastq.gz	tr_window	30+	9198
1422	window_1422.fastq.gz	tr_window	30+	9199
1423	window_1423.fastq.gz	tr_window	30+	9200
1424	window_1424.fastq.gz	unique_window	8	9201
1425	window_1425.fastq.gz	unique_window	8	9202
1426	window_1426.fastq.gz	segdup_window	12	9203
1427	window_1427.fastq.gz	tr_window	30+	9204
1428	window_1428.fastq.gz	tr_window	30+	9205
1429	window_1429.fastq.gz	unique_window	8	9206
1430	window_1430.fastq.gz	unique_window	8	9207
1431	window_1431.fastq.gz	segdup_window	12	9208
1432	window_1432.fastq.gz	unique_window	8	9209
1433	window_1433.fastq.gz	unique_window	8	9210
1434	window_1434.fastq.gz	segdup_window	12	9211
1435	window_1435.fastq.gz	tr_window	30+	9212
1436	window_1436.fastq.gz	tr_window	30+	9213
1437	window_1437.fastq.gz	tr_window	30+	9214
1438	window_1438.fastq.gz	unique_window	8	9215
1439	window_1439.fastq.gz	segdup_window	12	9216
1440	window_1440.fastq.gz	segdup_window	12	9217
1441	window_1441.fastq.gz	unique_window	8	9218
1442	window_1442.fastq.gz	unique_window	8	9219
1443	window_1443.fastq.gz	tr_window	30+	9220
1444	window_1444.fastq.gz	unique_window	8	9221
1445	window_1445.fastq.gz	segdup_window	12	9222
1446	window_1446.fastq.gz	tr_window	30+	9223
1447	window_1447.fastq.gz	segdup_window	12	9224
1448	window_1448.fastq.gz	unique_window	8	9225
1449	window_1449.fastq.gz	tr_window	30+	9226
1450	window_1450.fastq.gz	unique_window	8	9227
1451	window_1451.fastq.gz	segdup_window	12	9228
1452	window_1452.fastq.gz	unique_window	8	9229
1453	window_1453.fastq.gz	segdup_window	12	9230
1454	window_1454.fastq.gz	segdup_window	12	9231
1455	window_1455.fastq.gz	tr_window	30+	9232
1456	window_1456.fastq.gz	segdup_window	12	9233
1457	window_1457.fastq.gz	unique_window	8	9234
1458	window_1458.fastq.gz	tr_window	30+	9235
1459	window_1459.fastq.gz	segdup_window	12	9236
1460	window_1460.fastq.gz	segdup_window	12	9237
1461	window_1461.fastq.gz	unique_window	8	9238
1462	window_1462.fastq.gz	unique_window	8	9239
1463	window_1463.fastq.gz	unique_window	8	9240
1464	window_1464.fastq.gz	segdup_window	12	9241
1465	window_1465.fastq.gz	segdup_window	12	9242
1466	window_1466.fastq.gz	segdup_window	12	9243
1467	window_1467.fastq.gz	segdup_window	12	9244
1468	window_1468.fastq.gz	tr_window	30+	9245
1469	window_1469.fastq.gz	unique_window	8	9246
1470	window_1470.fastq.gz	unique_window	8	9247
1471	window_1471.fastq.gz	unique_window	8	9248
1472	window_1472.fastq.gz	unique_window	8	9249
1473	window_1473.fastq.gz	unique_window	8	9250
1474	window_1474.fastq.gz	tr_window	30+	9251
1475	window_1475.fastq.gz	segdup_window	12	9252
1476	window_1476.fastq.gz	segdup_window	12	9253
1477	window_1477.fastq.gz	unique_window	8	9254
1478	window_1478.fastq.gz	unique_window	8	9255
1479	window_1479.fastq.gz	segdup_window	12	9256
1480	window_1480.fastq.gz	segdup_window	12	9257
1481	window_1481.fastq.gz	unique_window	8	9258
1482	window_1482.fastq.gz	segdup_window	12	9259
1483	window_1483.fastq.gz	unique_window	8	9260
1484	window_1484.fastq.gz	unique_window	8	9261
1485	window_1485.fastq.gz	segdup_window	12	9262
1486	window_1486.fastq.gz	tr_window	30+	9263
1487	window_1487.fastq.gz	segdup_window	12	9264
1488	window_1488.fastq.gz	segdup_window	12	9265
1489	window_1489.fastq.gz	segdup_window	12	9266
1490	window_1490.fastq.gz	unique_window	8	9267
1491	window_1491.fastq.gz	tr_window	30+	9268
1492	window_1492.fastq.gz	segdup_window	12	9269
1493	window_1493.fastq.gz	segdup_window	12	9270
1494	window_1494.fastq.gz	segdup_window	12	9271
1495	window_1495.fastq.gz	unique_window	8	9272
1496	window_1496.fastq.gz	segdup_window	12	9273
1497	window_1497.fastq.gz	segdup_window	12	9274
1498	window_1498.fastq.gz	segdup_window	12	9275
1499	window_1499.fastq.gz	segdup_window	12	9276
1500	window_1500.fastq.gz	unique_window	8	9277
