mode,base_policy,residual_quantile,selection_rows,global_coverage,minimum_workflow_coverage,request_to_peak_ratio,selection_oom_tasks,coverage_gatk,coverage_minimap2,coverage_sarek,coverage_seqinspector,coverage_taxprofiler,coverage_viralmetagenome
hierarchical,point_q50,0.9,11280,0.9311170212765958,0.8810126582278481,2.3636783938909716,777,0.9457831325301205,0.9027504911591355,0.9417758369723436,0.923038728897716,0.8810126582278481,0.9801849405548216
hierarchical,point_q50,0.95,11280,0.9600177304964539,0.8977215189873418,3.0093759574604717,451,0.9939759036144579,0.9636542239685658,0.970402717127608,0.9597815292949354,0.8977215189873418,0.9894319682959049
hierarchical,point_q50,0.975,11280,0.9705673758865249,0.9032911392405063,3.3256783138749633,332,1.0,0.9833005893909627,0.9713731198447355,0.9826216484607746,0.9032911392405063,0.9957067371202114
hierarchical,point_q50,0.99,11280,0.9784574468085107,0.9113924050632911,4.229875302700894,243,1.0,0.9891944990176817,0.9907811741872877,0.9925521350546177,0.9113924050632911,0.9960369881109643
hierarchical,point_q50,0.995,11280,0.9820921985815603,0.9220253164556962,10.381361125582105,202,1.0,0.9926326129666012,0.9961183891314895,0.993545183714002,0.9220253164556962,0.9960369881109643
hierarchical,point_q50,0.999,11280,0.9820921985815603,0.9220253164556962,10.381361125582105,202,1.0,0.9926326129666012,0.9961183891314895,0.993545183714002,0.9220253164556962,0.9960369881109643
hierarchical,neighbour_p95,0.9,11280,0.9698581560283688,0.9457831325301205,2.067099123806125,340,0.9457831325301205,0.9661100196463654,0.9645803008248424,0.974180734856008,0.9605063291139241,0.9805151915455746
hierarchical,neighbour_p95,0.95,11280,0.9825354609929078,0.963855421686747,2.587165439122957,197,0.963855421686747,0.9803536345776032,0.990295972828724,0.9836146971201589,0.9665822784810126,0.9894319682959049
hierarchical,neighbour_p95,0.975,11280,0.9881205673758865,0.963855421686747,2.7522646625644853,134,0.963855421686747,0.9911591355599214,0.9907811741872877,0.9880834160873883,0.980253164556962,0.9907529722589168
hierarchical,neighbour_p95,0.99,11280,0.9900709219858156,0.9759036144578314,70.12731871626018,112,0.9759036144578314,0.9926326129666012,0.992721979621543,0.9920556107249255,0.9807594936708861,0.9920739762219286
hierarchical,neighbour_p95,0.995,11280,0.9931737588652483,0.9759036144578314,343.29905900030064,77,0.9759036144578314,0.993614931237721,0.9941775836972343,0.9945382323733863,0.9878481012658228,0.9957067371202114
hierarchical,neighbour_p95,0.999,11280,0.9931737588652483,0.9759036144578314,343.29905900030064,77,0.9759036144578314,0.993614931237721,0.9941775836972343,0.9945382323733863,0.9878481012658228,0.9957067371202114
hierarchical,neighbour_p99,0.9,11280,0.9865248226950355,0.9698795180722891,2.5723732862756954,152,0.9698795180722891,0.9837917485265226,0.9888403687530325,0.9870903674280039,0.9807594936708861,0.9910832232496698
hierarchical,neighbour_p99,0.95,11280,0.9882978723404255,0.9698795180722891,4.276523325784,132,0.9698795180722891,0.987721021611002,0.9907811741872877,0.9880834160873883,0.9817721518987341,0.9924042272126816
hierarchical,neighbour_p99,0.975,11280,0.9893617021276596,0.9698795180722891,4.322991100231545,120,0.9698795180722891,0.9916502946954814,0.9912663755458515,0.9880834160873883,0.9822784810126582,0.9930647291941875
hierarchical,neighbour_p99,0.99,11280,0.9916666666666667,0.9698795180722891,4.924992724808487,94,0.9698795180722891,0.9941060903732809,0.992721979621543,0.9925521350546177,0.9853164556962025,0.9940554821664465
hierarchical,neighbour_p99,0.995,11280,0.9944148936170213,0.9698795180722891,172.74100714188984,63,0.9698795180722891,0.9955795677799607,0.9941775836972343,0.9960278053624627,0.9913924050632912,0.9960369881109643
hierarchical,neighbour_p99,0.999,11280,0.9944148936170213,0.9698795180722891,172.74100714188984,63,0.9698795180722891,0.9955795677799607,0.9941775836972343,0.9960278053624627,0.9913924050632912,0.9960369881109643
hierarchical,model_q90,0.9,11280,0.9486702127659574,0.9184810126582279,2.430651123599898,579,0.9457831325301205,0.9395874263261297,0.9694323144104804,0.9538232373386296,0.9184810126582279,0.9570673712021136
hierarchical,model_q90,0.95,11280,0.975531914893617,0.9412658227848101,20.49491832658016,276,0.9698795180722891,0.9828094302554028,0.992721979621543,0.977656405163853,0.9412658227848101,0.9801849405548216
hierarchical,model_q90,0.975,11280,0.9817375886524823,0.9493670886075949,50.99716372715758,206,0.9819277108433735,0.9896856581532416,0.9946627850557982,0.9826216484607746,0.9493670886075949,0.988110964332893
hierarchical,model_q90,0.99,11280,0.985549645390071,0.9539240506329114,68.23286022452746,163,0.9819277108433735,0.993614931237721,0.9956331877729258,0.9890764647467726,0.9539240506329114,0.9917437252311757
hierarchical,model_q90,0.995,11280,0.9896276595744681,0.970126582278481,95.03220642059503,117,0.9819277108433735,0.9950884086444007,0.9961183891314895,0.9900695134061569,0.970126582278481,0.9943857331571995
hierarchical,model_q90,0.999,11280,0.9896276595744681,0.970126582278481,95.03220642059503,117,0.9819277108433735,0.9950884086444007,0.9961183891314895,0.9900695134061569,0.970126582278481,0.9943857331571995
hierarchical,model_q95,0.9,11280,0.9613475177304964,0.9291139240506329,1.8033429143902102,436,0.9397590361445783,0.9430255402750491,0.9786511402231927,0.9702085402184707,0.9291139240506329,0.9782034346103038
hierarchical,model_q95,0.95,11280,0.9789007092198582,0.9529113924050633,3.4804026633069234,238,0.9578313253012049,0.981827111984283,0.9883551673944687,0.9846077457795432,0.9529113924050633,0.9848084544253632
hierarchical,model_q95,0.975,11280,0.9836879432624114,0.9578313253012049,6.330672826358224,184,0.9578313253012049,0.9896856581532416,0.9912663755458515,0.9875868917576961,0.9605063291139241,0.9884412153236459
hierarchical,model_q95,0.99,11280,0.988209219858156,0.963855421686747,16.799457022653396,133,0.963855421686747,0.9945972495088409,0.992721979621543,0.9930486593843099,0.9670886075949368,0.9927344782034346
hierarchical,model_q95,0.995,11280,0.9906028368794326,0.963855421686747,33.71788947777475,106,0.963855421686747,0.9980353634577603,0.9932071809801067,0.9950347567030785,0.9716455696202532,0.9947159841479525
hierarchical,model_q95,0.999,11280,0.9906028368794326,0.963855421686747,33.71788947777475,106,0.963855421686747,0.9980353634577603,0.9932071809801067,0.9950347567030785,0.9716455696202532,0.9947159841479525
hierarchical,model_q99,0.9,11280,0.9790780141843972,0.9635443037974684,2.162222480990323,236,0.9698795180722891,0.9734774066797642,0.9941775836972343,0.980635551142006,0.9635443037974684,0.9821664464993395
hierarchical,model_q99,0.95,11280,0.985549645390071,0.9698795180722891,2.375009125335584,163,0.9698795180722891,0.981827111984283,0.9961183891314895,0.9846077457795432,0.9741772151898734,0.9897622192866579
hierarchical,model_q99,0.975,11280,0.9883865248226951,0.9698795180722891,2.493427513966336,131,0.9698795180722891,0.9887033398821218,0.9961183891314895,0.9865938430983118,0.9777215189873417,0.9920739762219286
hierarchical,model_q99,0.99,11280,0.9929078014184397,0.9759036144578314,4.992483642361321,80,0.9759036144578314,0.9945972495088409,0.9980591945657448,0.9925521350546177,0.9848101265822785,0.9947159841479525
hierarchical,model_q99,0.995,11280,0.9951241134751773,0.9759036144578314,14.916931530261358,55,0.9759036144578314,0.9960707269155207,0.9990295972828724,0.9940417080436942,0.9898734177215189,0.9970277410832232
hierarchical,model_q99,0.999,11280,0.9951241134751773,0.9759036144578314,14.916931530261358,55,0.9759036144578314,0.9960707269155207,0.9990295972828724,0.9940417080436942,0.9898734177215189,0.9970277410832232
hierarchical,model_q995,0.9,11280,0.9868794326241135,0.9698795180722891,2.6389405105212678,148,0.9698795180722891,0.9823182711198428,0.9956331877729258,0.9846077457795432,0.9837974683544304,0.9884412153236459
hierarchical,model_q995,0.95,11280,0.9893617021276596,0.9698795180722891,2.7108116857848508,120,0.9698795180722891,0.9862475442043221,0.9966035904900534,0.9856007944389275,0.9853164556962025,0.9927344782034346
hierarchical,model_q995,0.975,11280,0.9904255319148936,0.9698795180722891,2.7349964115445333,108,0.9698795180722891,0.9882121807465619,0.9966035904900534,0.9865938430983118,0.9873417721518988,0.9933949801849405
hierarchical,model_q995,0.99,11280,0.9936170212765958,0.9819277108433735,3.067257572004953,72,0.9819277108433735,0.9916502946954814,0.9980591945657448,0.9920556107249255,0.9908860759493671,0.9953764861294584
hierarchical,model_q995,0.995,11280,0.9972517730496454,0.9819277108433735,10.908652281118785,31,0.9819277108433735,0.9975442043222004,0.9985443959243085,0.9965243296921549,0.9959493670886076,0.9983487450462352
hierarchical,model_q995,0.999,11280,0.9972517730496454,0.9819277108433735,10.908652281118785,31,0.9819277108433735,0.9975442043222004,0.9985443959243085,0.9965243296921549,0.9959493670886076,0.9983487450462352
