scatter_id	chrom	start	end	contig_length	has_str_region
001	chr1	1	400000	2000000	true
002	chr1	400001	800000	2000000	true
003	chr1	800001	1200000	2000000	true
004	chr1	1200001	1600000	2000000	true
005	chr1	1600001	2000000	2000000	true
006	chr2	1	360000	1800000	true
007	chr2	360001	720000	1800000	true
008	chr2	720001	1080000	1800000	true
009	chr2	1080001	1440000	1800000	true
010	chr2	1440001	1800000	1800000	true
011	chr3	1	320000	1600000	true
012	chr3	320001	640000	1600000	true
013	chr3	640001	960000	1600000	true
014	chr3	960001	1280000	1600000	true
015	chr3	1280001	1600000	1600000	true
016	chrX	1	240000	1200000	true
017	chrX	240001	480000	1200000	true
018	chrX	480001	720000	1200000	true
019	chrX	720001	960000	1200000	true
020	chrX	960001	1200000	1200000	true
021	chrY	1	80000	400000	true
022	chrY	80001	160000	400000	true
023	chrY	160001	240000	400000	true
024	chrY	240001	320000	400000	true
025	chrY	320001	400000	400000	true
