logical_task_id	role	replay_position
gatk:53dd3dc5ebe8cbca	train	27014
gatk:9f53f43c060925b5	train	27015
gatk:58358f0e55bac90d	train	27016
gatk:bcb39a777af194e0	train	27017
gatk:23c2ae2612a165dc	train	27018
gatk:b3e38b91118c4038	train	27019
gatk:2c743212efe5b99a	train	27020
gatk:b308bb6c644c39a5	train	27021
gatk:048c471a94124328	train	27022
gatk:3b748829a6943d2f	train	27023
gatk:5b5a8f662372db94	train	27024
gatk:0d56ae32ffd83c20	train	27025
gatk:015886888db6a0b3	train	27026
gatk:35fa888241fe414a	train	27027
gatk:b7dd9ad6f58e70d1	train	27028
gatk:8bf59bb10629e55c	train	27029
gatk:a63f24fb26cb80b9	train	27030
gatk:4930a13f8cde10c5	train	27031
gatk:3724be57ccfd48c1	train	27032
gatk:3e42089cf7dd1b50	train	27033
gatk:a9e7440f1fd1b5c6	train	27034
gatk:e9c4c81dd176507e	train	27035
gatk:a1bb229b3bb2fe86	train	27036
gatk:6bfd37f681280ac2	train	27037
gatk:4edf506da92d9a5c	train	27038
gatk:dabcd50e80cf8158	train	27039
gatk:3d194767f7678d0d	train	27040
gatk:24a3cf47261439ba	train	27041
gatk:b9de76ad3a6fbf82	train	27042
gatk:aefda0d44c573349	train	27043
gatk:6936eac16d5eef97	train	27044
gatk:520046c764e0710b	train	27045
gatk:8280c171711b0b2d	train	27046
gatk:640a22cd40b96c03	train	27047
gatk:5ae986e726546a89	train	27048
gatk:1dfd871639fc3d73	train	27049
gatk:87b1082c1d806d69	train	27050
gatk:ded537cee2ea56cf	train	27051
gatk:9310baed4f3dd3ea	train	27052
gatk:a4b49ec3a3fe98f9	train	27053
gatk:eb9e12c8625f09ba	train	27054
gatk:97a772faf4d8e8cb	train	27055
gatk:07ac0638846caae6	train	27056
gatk:80a1760f6e0abd88	train	27057
gatk:497e2c71849a66d7	train	27058
gatk:b57e141bd457752d	train	27059
gatk:c53f131798dfe146	train	27060
gatk:86aef4cfb64e159b	train	27061
gatk:c7624895009da7e3	train	27062
gatk:8c0e7c53aa034d62	train	27063
gatk:51a8ff988d7b4261	train	27064
gatk:a5a74b3f76d3bf44	train	27065
gatk:ac06ae66f45377ff	train	27066
gatk:cd1a4bb1804dc539	train	27067
gatk:69c30cac6296bd73	train	27068
gatk:8222e50a9bcabd9c	train	27069
gatk:c9c9239d8e8690ad	train	27070
gatk:b5cebb22ec7878a9	train	27071
gatk:0cb475992f9bc609	train	27072
gatk:d3da8233490de691	train	27073
gatk:ed6861a18a13eb04	train	27074
gatk:156f614e225d83a7	train	27075
gatk:6e42170e0ba30777	train	27076
gatk:8776880545f45bba	train	27077
gatk:8ca9f4a7f2ecbbe0	train	27078
gatk:ccd8eb2d256d72a6	train	27079
gatk:eb1d03e375525f6d	train	27080
gatk:74e01dafed1afa7b	train	27081
gatk:d2df073e96855220	train	27082
gatk:30e0203f8704356b	train	27083
gatk:d720da11e24d333e	train	27084
gatk:313e607d913e8dd4	train	27085
gatk:b9927e6b59d4e308	train	27086
gatk:fdc499c65e5b1acc	train	27087
gatk:ab000116758724bb	train	27088
gatk:3d2b56ba01535945	train	27089
gatk:9b30d9832ade12c8	train	27090
gatk:616c7baa663e0253	train	27091
gatk:8c99c4754a2252ec	train	27092
gatk:19467ea139c199d2	train	27093
gatk:074e87608a7d8623	train	27094
gatk:b3d4e393a0cda2a7	train	27095
gatk:b1e73d4ef65c8acf	train	27096
gatk:e673aaabeee59bae	train	27097
gatk:628ccd5f09132bcb	train	27098
gatk:10c35e153f4d2557	train	27099
gatk:c392f12014a445af	train	27100
gatk:7aba2aeb82c31993	train	27101
gatk:b111cda125bcaaa8	train	27102
gatk:01178042ddc7f363	train	27103
gatk:1d955967c7568e29	train	27104
gatk:2f2cdef79829a8af	train	27105
gatk:749839aeaf8607dd	train	27106
gatk:4a572ae5f19a568c	train	27107
gatk:5e4e77c6029214b3	train	27108
gatk:f2fbc02e27579560	train	27109
gatk:62b31109913c7f16	train	27110
gatk:cc380ae9d19a1a89	train	27111
gatk:9bffc350b9f0a12a	train	27112
gatk:f37a06b0dbc11ba8	train	27113
gatk:68319fc91ecdc55d	train	27114
gatk:0bed5e17c2f6301a	train	27115
gatk:f1fe9c564251421d	train	27116
gatk:29049176ab22712b	train	27117
gatk:bd7181939ce1d94d	train	27118
gatk:6b7429e6af858552	train	27119
gatk:54c0ed894f47fbcd	train	27120
gatk:e143f1dca48288f4	train	27121
gatk:252f2b419da70b4f	train	27122
gatk:83906ea04a1fa298	train	27123
gatk:7beaf85c640997f4	train	27124
gatk:8d1561e14367b29f	train	27125
gatk:40da3ed81d613e33	train	27126
gatk:f2006588c12db329	train	27127
gatk:f7d661ae542e8c7a	train	27128
gatk:ec3664c7e67bf119	train	27129
gatk:948ae9296146991c	train	27130
gatk:b9015d4158805cc5	train	27131
gatk:0b5aef59a372027d	train	27132
gatk:5adeca86d9383369	train	27133
gatk:01ba1c59b82f7364	train	27134
gatk:f7dcfbf4702744de	train	27135
gatk:6d120ef0fddb39c7	train	27136
gatk:c1dc92241f0c9966	train	27137
gatk:45d0f7d67a96b82b	train	27138
gatk:e8caf6ffd8696196	train	27139
gatk:49b88ff59c61ad91	train	27140
gatk:1b6cdb3533df0fd3	train	27141
gatk:fec6c7bea3ee88b9	train	27142
gatk:617cd38735c04054	train	27143
gatk:158f77863c02894b	train	27144
gatk:e06157cf7b570b1b	train	27145
gatk:263d030c0ee32d63	train	27146
gatk:93dda75087514b73	train	27147
gatk:397a3232464dfbb7	train	27148
gatk:612cc51e2fd7a977	train	27149
gatk:403bc63fed9c8563	train	27150
gatk:e4ed8b000df474c0	train	27151
gatk:0da771054c98be3c	train	27152
gatk:f1fd7a3c41613d4f	train	27153
gatk:7e3252c87b3ce1ed	train	27154
gatk:b2eecdd5ca87ded4	train	27155
gatk:f9ec124a00e24ac1	train	27156
gatk:2c5fe9df6a6fa340	train	27157
gatk:25e18eb3f5911821	train	27158
gatk:4cb1bd83c0eff5dd	train	27159
gatk:2e5abe89ae242024	train	27160
gatk:9d784078f295db3a	train	27161
gatk:7bbb1dbb9a108816	train	27162
gatk:0f9adee7720114d2	train	27163
gatk:fb6597a9fe45efdc	train	27164
gatk:986875267bc23f35	train	27165
gatk:5bf32ea546779711	train	27166
gatk:19697db1330a75a9	train	27167
gatk:ef871c1739114659	train	27168
gatk:d9640c7935f53c94	train	27169
gatk:bb8c667294d2e15d	train	27170
gatk:152e0319fe579907	train	27171
gatk:92f939ddb13ead0a	train	27172
gatk:0f0b07e06841bd50	train	27173
gatk:640667c2e7dd8b7c	train	27174
gatk:dc77215498db38d0	train	27175
gatk:7a5d6625493c41df	train	27176
gatk:4a8a0b4b9a84bfce	train	27177
gatk:8a30ecdd9f89ae94	train	27178
gatk:4d00355e4bb99a01	train	27179
gatk:9ce0ecb856922d80	train	27180
gatk:501df32e0a91f286	train	27181
gatk:f385fa4f580196cc	train	27182
gatk:2d459ba8e055da64	train	27183
gatk:ffefe8ddb53b7334	train	27184
gatk:2a47e378f874350f	train	27185
gatk:22fc31216d3f1969	train	27186
gatk:ad35297857be997e	train	27187
gatk:d950b4cce31dcd79	train	27188
gatk:1d6c4e3ef40e27a0	train	27189
gatk:be2caa426403243e	train	27190
gatk:ce6e04febaea10a1	train	27191
gatk:0bf6ea547d89532a	train	27192
gatk:c466676adcc87468	train	27193
gatk:6682d8f62779ed8b	train	27194
gatk:e27bf1167b6e5aac	train	27195
gatk:1048aad5ca6867c8	train	27196
gatk:1421e728d0a4c40d	train	27197
gatk:28c6c86513563244	train	27198
gatk:ff12d6bdffb34f4f	train	27199
gatk:4a7b892e4a468471	train	27200
gatk:e4ae59a70cee69d6	train	27201
gatk:0577c2a10f5e94f9	train	27202
gatk:bf7127414a806bcf	train	27203
gatk:3be7ddd1e262171d	train	27204
gatk:4b9c4ee64889a2d4	train	27205
gatk:da3c6c5413a472e4	train	27206
gatk:7a985a8ed361656c	train	27207
gatk:afae27c267456fb5	train	27208
gatk:97e9e360e57caf8c	train	27209
gatk:1a1ab4e6fc6319bc	train	27210
gatk:ede4c44b65b0ce6b	train	27211
gatk:74b757f50d5c9108	train	27212
gatk:844118212bd7b6cf	train	27213
gatk:8f7685f776a728f1	train	27214
gatk:26fd8450b2e4230b	train	27215
gatk:08258467e2e6e195	train	27216
gatk:473f29fd3f7ebb78	train	27217
gatk:302eb38f6f3b4cdb	train	27218
gatk:617fd910bee2909f	train	27219
gatk:91b8fcedade21c9f	train	27220
gatk:f9aa7979ad86e5b3	train	27221
gatk:fe893da46334e789	train	27222
gatk:18859cd31fc1d122	train	27223
gatk:43c03d7d8da481d8	train	27224
gatk:92bc29f3c68683f2	train	27225
gatk:4fdb1a1c6c73a7c6	train	27226
gatk:22f48f0c94e13acb	train	27227
gatk:9c8a7f3ef012cda0	train	27228
gatk:2f91eeb97aa07f3b	train	27229
gatk:ae2526e344763679	train	27230
gatk:9b8894d2936f41eb	train	27231
gatk:ac9f927f0fbac9c2	train	27232
gatk:ec901dc9686403ca	train	27233
gatk:278a60b381b46ec1	train	27234
gatk:d3e063370d515a3e	train	27235
gatk:a42d2aa6db445394	train	27236
gatk:0ec9002e0b9db0de	train	27237
gatk:83b61df32a2a7034	train	27238
gatk:b6c6a4b0fb567a0a	train	27239
gatk:d5f6c03f50422f70	train	27240
gatk:eb402703b62af893	train	27241
gatk:e6fe16a45d4c14d6	train	27242
gatk:756e034c68eb8772	train	27243
gatk:f1816323ba7dda59	train	27244
gatk:1bac9cdf1b4c0963	train	27245
gatk:e5f0340857f90b1d	train	27246
gatk:391ab987c995f9d8	train	27247
gatk:fa300d5891ecf321	train	27248
gatk:c525cfe736968d6f	train	27249
gatk:01f6ba5e78e94850	train	27250
gatk:318d6a342170f44e	train	27251
gatk:3c3f9e4b0f90ba7c	train	27252
gatk:effcba405efefeb2	train	27253
gatk:8c6c176350f7f73d	train	27254
gatk:318027b3e7bcce30	train	27255
gatk:f40ef4b8991e4f12	train	27256
gatk:c568eccbca356a9d	train	27257
gatk:dcd25a535578f5d4	train	27258
gatk:43c88406ab1a11e6	train	27259
gatk:838cfb4c05e0eabc	train	27260
gatk:5bd47db97f9c9f1f	train	27261
gatk:65875ec466128368	train	27262
gatk:113c7fc4f3c02c84	train	27263
gatk:f18fd0540849bbf2	train	27264
gatk:1a9ac875622719b5	train	27265
gatk:10fabe061810dbc4	train	27266
gatk:11029bc941c02b76	train	27267
gatk:0f75d9957414e6cb	train	27268
gatk:d88fdafabef23cf4	train	27269
gatk:01c9343c6c78d987	train	27270
gatk:71fec37c5a124498	train	27271
gatk:cbae90deb431968b	train	27272
gatk:3d537bd3afc45fa1	train	27273
gatk:60cc6a2dd93f1de1	train	27274
gatk:223f3b09ff8d54e7	train	27275
gatk:4a7182e104f8531a	train	27276
gatk:78d17722d5439f19	train	27277
gatk:ff36880f6ea04468	train	27278
gatk:6162130b878c85fb	train	27279
gatk:632484327881a0d0	train	27280
gatk:6ebc6932db95adca	train	27281
gatk:4e011a02cb880147	train	27282
gatk:29da22eaa5463240	train	27283
gatk:f668e5d5133429d2	train	27284
gatk:9eb168626080b728	train	27285
gatk:c9202887229f3a4f	train	27286
gatk:1d55cbd3788d4d48	train	27287
gatk:20f7460b950a00fc	train	27288
gatk:9bf649254424d0d1	train	27289
gatk:3f3a9fbab328a56b	train	27290
gatk:bd41072d2bf60373	train	27291
gatk:fb679879c24138f4	train	27292
gatk:a96de333b3979904	train	27293
gatk:9ff63f742e5ba14c	train	27294
gatk:e61dd712df129a59	train	27295
gatk:fba82720070dfc92	train	27296
gatk:26b66caf87af0f20	train	27297
gatk:9c14885da208c695	train	27298
gatk:b3b71e30a49839fa	train	27299
gatk:7e1c2ad327ce2725	train	27300
gatk:ba1727a775e19cd0	train	27301
gatk:9d9e740bec4d47b4	train	27302
gatk:caa0a82a4f92196a	train	27303
gatk:855d210ef9aa1936	train	27304
gatk:7d905536fcf845d6	train	27305
gatk:58cffeb71183560b	train	27306
gatk:28829e876c14fd43	train	27307
gatk:2bc746a4cc3d5026	train	27308
gatk:c7911f3407ab2c28	train	27309
gatk:87f720fdb4daca55	train	27310
gatk:3fe0b5614637e611	train	27311
gatk:3c589ef2f81ac789	train	27312
gatk:374b22022786788a	train	27313
gatk:9565189546ab798b	train	27314
gatk:6a137406cceee59f	train	27315
gatk:18484da5a2a095c2	train	27316
gatk:7a65aceff171e68c	train	27317
gatk:9c68562918d6717b	train	27318
gatk:010d87bd9f69f4de	train	27319
gatk:d406dac741eb45bc	train	27320
gatk:5901b08d2957d30d	train	27321
gatk:e8f080289f7a7855	train	27322
gatk:090202840397013f	train	27323
gatk:1fc3a9827a6e4b8a	train	27324
gatk:11052f9858b92a4a	train	27325
gatk:654a7b3c88b32ff0	train	27326
gatk:ae7df98bec00c6ac	train	27327
gatk:c647e99bbd476a07	train	27328
gatk:100249b0c25577b8	train	27329
gatk:ea72344a27509b3c	train	27330
gatk:86992fc7cc48c56b	train	27331
gatk:d0cb372128832b81	train	27332
gatk:8dd0b878fef36fff	train	27333
gatk:22b7bb9366cb8dff	train	27334
gatk:970de42a2869cebd	train	27335
gatk:e9977f3ec1ec6d8c	train	27336
gatk:8085aa8757d89f13	train	27337
gatk:09511e714a60dca6	train	27338
gatk:fd3ece54c75281ba	train	27339
gatk:cc788f2b4a0f63fc	train	27340
gatk:4a91363dd5d81187	train	27341
gatk:ab0ebf4236bbf0a6	train	27342
gatk:1d7895fb923afba2	train	27343
gatk:5d51f3eea32b8fec	train	27344
gatk:26cdfe826deb2658	train	27345
gatk:f39539d2985f04e1	train	27346
gatk:603b7ecead3fe031	train	27347
gatk:a85df1140c1ba685	train	27348
gatk:6194ba8af0964e0c	train	27349
gatk:7d5f78ac5e0d7a16	train	27350
gatk:d9c91c263b266570	train	27351
gatk:573496bbea240ace	train	27352
gatk:c0210116514e9409	train	27353
gatk:c0cde093f158f67d	train	27354
gatk:2d403ce50e96aff9	train	27355
gatk:9cb513beb8548ebc	train	27356
gatk:2d61f1e3f36d25e2	train	27357
gatk:a3da00c6417650a1	train	27358
gatk:663239b7ca0a0b79	train	27359
gatk:956a76c085921a2f	train	27360
gatk:70fa1a9750f611c3	train	27361
gatk:89d4ff4461ea7155	train	27362
gatk:cfba8169b489814d	train	27363
gatk:b53a298d699631c3	train	27364
gatk:833925d509ddce26	train	27365
gatk:441a095286d62309	train	27366
gatk:1fbbce71b1e66cce	train	27367
gatk:718347d7aa165729	train	27368
gatk:79cc12314bc642e6	train	27369
gatk:6d52a5e43a12aba4	train	27370
gatk:79954745a650565c	train	27371
gatk:ec00b7ce51c494f9	train	27372
gatk:f3c7cbd64e96b551	train	27373
gatk:4cca954dafbca6d1	train	27374
gatk:159288b555da2201	train	27375
gatk:c1f9f115bb2e8434	train	27376
gatk:752804861d05de8a	train	27377
gatk:eef3ed2560d8e768	train	27378
gatk:8d8e3a5f5c32cd15	train	27379
gatk:9a320334a66bdc22	train	27380
gatk:04b876f47b5ae49e	train	27381
gatk:fb48ea3058f6966a	train	27382
gatk:c3369d1c7ae5cb87	train	27383
gatk:55a789c60459e0ff	train	27384
gatk:76fec99164a4fa81	train	27385
gatk:0ada7eb2b1520af5	train	27386
gatk:5e2d156155763123	train	27387
gatk:1e8f5c65211cf086	train	27388
gatk:40cc20fbe3715024	train	27389
gatk:475bc1424684cd2a	train	27390
gatk:3bbfe88f18d48779	train	27391
gatk:76a33c9a99167bc1	train	27392
gatk:6d82ec6c184345f5	train	27393
gatk:4ede64ac10b56f3b	train	27394
gatk:1733a94a8889fc23	train	27395
gatk:a5bca1a28f7daaeb	train	27396
gatk:20988c5a5b15e7fd	train	27397
gatk:ba95d38cbd24dd6c	train	27398
gatk:318b3286648fb698	train	27399
gatk:66f04f007a632fef	train	27400
gatk:8e950d7a1422ae8b	train	27401
gatk:1cc75ce9ea4baca7	train	27402
gatk:123eafd860009409	train	27403
gatk:02e9d8565d5ebdac	train	27404
gatk:5ef4da0f37e729a4	train	27405
gatk:0b656c7f8e11543c	train	27406
gatk:843927c063944511	train	27407
gatk:f8d8e763a9c5a8cb	train	27408
gatk:0223ffc7444d28e9	train	27409
gatk:a4b4181593a80684	train	27410
gatk:9de0778f201dd3f1	train	27411
gatk:a60c1976d4dd758f	train	27412
gatk:04c38c0509103a4d	train	27413
gatk:26c80daa59ef4560	train	27414
gatk:4e26eb3d8ced239a	train	27415
gatk:ad1453c89b5e58aa	train	27416
gatk:c5ff7e913a22c62f	train	27417
gatk:5e7845636ffa58e9	train	27418
gatk:9587df4150a69953	train	27419
gatk:519cd379442f10d6	train	27420
gatk:6ccd5d2c3ce8087c	train	27421
gatk:c6835b67785e70a6	train	27422
gatk:ced152b7e3deef6a	train	27423
gatk:a59215d4940a165e	train	27424
gatk:16149a4206f6539c	train	27425
gatk:081aea9b751e1259	train	27426
gatk:e19aba262eae2a2c	train	27427
gatk:55b21672e7f92fac	train	27428
gatk:8637ecbb4e9316c7	train	27429
gatk:2cc8702c21dead8a	test	27430
gatk:55c47f3ce9fef59d	train	27431
gatk:879499b8c78533ff	train	27432
gatk:c63d83013d62e651	train	27433
gatk:940dff632c7b528d	test	27434
gatk:1fce3950825b7ef2	train	27435
gatk:2dfadcfc82197e7e	test	27436
gatk:f2007593083ea3c5	train	27437
gatk:d0bbf5640b0b8c5d	train	27438
gatk:dd251a57a757b25f	test	27439
gatk:83914347855d8a3c	train	27440
gatk:d969102d07321e9c	train	27441
gatk:d4cfc6db40fe69fc	train	27442
gatk:f7b7b36724b44219	test	27443
gatk:42ca854e8d0333b4	test	27444
gatk:35ba5bacba595362	test	27445
gatk:35f4363cc5c930aa	test	27446
gatk:195753358e8de3e8	test	27447
gatk:54cbd520574719f6	test	27448
gatk:94a73cb155c8fbbb	test	27449
gatk:ee9c504bd471829c	test	27450
gatk:aaca78e85fb414ae	test	27451
gatk:681db2af934ae83f	test	27452
gatk:3400a22d8bd7088b	test	27453
gatk:08eacea252326273	test	27454
gatk:27b1cc3113be0c0d	test	27455
gatk:c05b7a9794a4891b	test	27456
gatk:b679ce87c1ceba8b	test	27457
gatk:82f0a496abae5b6a	test	27458
gatk:6b32055244989dc9	test	27459
gatk:d57ae78c2d321425	test	27460
gatk:2e571cec59751b1a	test	27461
gatk:d541f02dd225e6ca	test	27462
gatk:a4e61a2d8f018bd6	test	27463
gatk:c5d4a20b1c63f12c	test	27464
gatk:ff17e928e692fdca	test	27465
gatk:66c98566eb585413	test	27466
gatk:a16365f3a0654b9f	test	27467
gatk:4a38b419dec7b8b8	test	27468
gatk:f33bcc4f2549dbb7	test	27469
gatk:f2ec1bf484541597	test	27470
gatk:3ab424aa67291ac0	test	27471
gatk:13492842126a2ebc	test	27472
gatk:05cf9e04c3655dc8	test	27473
gatk:113c96b8a5920d76	test	27474
gatk:63cce931669915e1	test	27475
gatk:3345a68b9095671b	test	27476
gatk:0626f15056614128	test	27477
gatk:1fcf2558f2fe5ef0	test	27478
gatk:cd4c27fd4a03f818	test	27479
gatk:e8c8e7da561ac7f9	test	27480
gatk:292ca89f4c2bb995	test	27481
gatk:ed514567d630e052	test	27482
gatk:8640995a6ec816c0	test	27483
gatk:a8f4d8a49250b572	test	27484
gatk:7fa99de6d4fbfca1	test	27485
gatk:732f96f89bd29edb	test	27486
gatk:ffbcae819b5b2300	test	27487
gatk:13cb8bdfe3d99165	test	27488
gatk:68af697756d8f47e	test	27489
gatk:95d25cf19c920f26	test	27490
gatk:ac5d8da43ed85726	test	27491
gatk:ee48ae44aacde0bf	test	27492
gatk:3a822c9e0b50ca42	test	27493
gatk:0f14c0e130e489dc	test	27494
gatk:27cb5d2ef99ac695	test	27495
gatk:4acdf1eb01f9ca3a	test	27496
gatk:ccf188d796fa537c	test	27497
gatk:72bb33fc16a10867	test	27498
gatk:ee55d407155bf06d	test	27499
gatk:accf78e55a9c3f8b	test	27500
gatk:6230f6ed7af0171d	test	27501
gatk:895073838952266a	test	27502
gatk:261a68c4d19f5336	test	27503
gatk:07b7d3ba35804a11	test	27504
gatk:220dbac319395f62	test	27505
gatk:b25afd0c8534d297	test	27506
gatk:7103215241353330	test	27507
gatk:b5de238ec3ef1982	test	27508
gatk:34014f69769d6492	test	27509
gatk:bd1d63df94ac01e6	test	27510
gatk:f86308f1ae83ea8b	test	27511
gatk:bbfd470fca178827	test	27512
gatk:ccba80458360a217	test	27513
