comparison,metric,observed_difference,ci95_low,ci95_high,repetitions
A+P+CH minus A+P,mdape_percent,-0.43009339641488964,-1.095681023193412,0.29267337038412455,5000
A+P+CH minus A+P,mean_ape_percent,-1037.6207108217004,-1157.3205377844226,-923.1416756062357,5000
A+P+CH minus A+P,p95_ape_percent,-1785.7554244283433,-2641.2184130870164,301.0235976575285,5000
A+P+CH minus A+P,spearman,0.036138482340309475,0.031095131401646332,0.041187299585640186,5000
A+P+CH minus A+P,q99_pinball_mib,202.00146806646217,179.55779711046623,224.49420517866906,5000
A+P+CH minus A+P,underallocations,-39.0,-59.0,-19.975000000000364,5000
A+P+CH minus A+P,request_to_peak,3.7047766393913544,3.261195328871625,4.1725134778010835,5000
A+P+CH minus A+P,unused_gib_hours,-26.49626297464531,-48.48799302475955,-12.120006467312383,5000
A+P+CHAT minus A+P,mdape_percent,2.660849525458328,2.0826007185768516,3.790973492480331,5000
A+P+CHAT minus A+P,mean_ape_percent,322.4288022605922,256.41472198030004,389.2488402336955,5000
A+P+CHAT minus A+P,p95_ape_percent,11300.859321862918,1985.3708096198197,14153.195600166762,5000
A+P+CHAT minus A+P,spearman,-0.007274477794026235,-0.00965389538259725,-0.0049145489349219544,5000
A+P+CHAT minus A+P,q99_pinball_mib,134.31026702278007,115.11380509648274,153.436906229462,5000
A+P+CHAT minus A+P,underallocations,-33.0,-52.02499999999999,-14.0,5000
A+P+CHAT minus A+P,request_to_peak,6.6201309133085005,6.067717213995111,7.1853099564315075,5000
A+P+CHAT minus A+P,unused_gib_hours,-2.7432144878970064,-7.904362216888507,2.450148323005886,5000
A+P+CH+CHAT minus A+P,mdape_percent,4.762581259900038,3.2319727635934683,6.2360353220392115,5000
A+P+CH+CHAT minus A+P,mean_ape_percent,-1001.0309120019747,-1113.3124849127485,-895.3356550609947,5000
A+P+CH+CHAT minus A+P,p95_ape_percent,-3034.952719247539,-3933.8257294281243,-699.0849450456676,5000
A+P+CH+CHAT minus A+P,spearman,0.03436324555497705,0.029230437628894945,0.03966374167874215,5000
A+P+CH+CHAT minus A+P,q99_pinball_mib,170.03414024610043,149.60001279894232,191.25855895648684,5000
A+P+CH+CHAT minus A+P,underallocations,-55.0,-73.0,-38.0,5000
A+P+CH+CHAT minus A+P,request_to_peak,0.5543390130588772,0.48178299413776154,0.6276579650770319,5000
A+P+CH+CHAT minus A+P,unused_gib_hours,-23.931882471378614,-28.391096532087094,-19.60578015668598,5000
