split,seed,train_rows,test_rows,allocator,first_attempt_coverage_percent,point_mean_absolute_error_mib,point_median_absolute_percentage_error,request_to_observed_peak_ratio,rows,total_requested_gib,underallocations,underallocations_per_1000,unused_memory_time_gib_hours
30/70,1996,10057,23459,access,97.57449166631143,1211.0368098046963,50.20963375346297,3.9098422568254665,23459,138666.869140625,569,24.25508333688563,188.21436000841337
30/70,1996,10057,23459,camp,96.45764951617716,1181.039147335213,46.10289719838696,4.29750138856704,23459,152415.6279296875,831,35.423504838228396,181.2245778065548
30/70,1997,10057,23459,access,96.9222899526834,1198.451862607133,47.702073456752025,3.1408602866553714,23459,111394.0751953125,722,30.777100473165948,121.71084104119855
30/70,1997,10057,23459,camp,96.47896329766827,1230.0457431963116,45.73663420893888,5.729584575424147,23459,203206.0380859375,826,35.210367023317275,157.1695589932306
30/70,1998,10057,23459,access,97.85583358199412,1221.9820680739776,42.16430366088759,3.515510187706971,23459,124681.447265625,503,21.441664180058826,119.14214066757641
30/70,1998,10057,23459,camp,96.07400144933715,1193.6559399398748,42.608325727936766,4.223643591889698,23459,149796.1796875,921,39.25998550662858,155.902707867049
30/70,1999,10057,23459,access,97.99650453983546,1210.1302749770825,50.86265759230359,2.7024464864289115,23459,95845.24609375,470,20.034954601645424,108.81810408603198
30/70,1999,10057,23459,camp,96.79440726373673,1192.8234686009275,43.69737334141382,5.733308504193151,23459,203338.111328125,752,32.05592736263268,124.53951806143841
30/70,2000,10057,23459,access,97.681060573767,1216.9840517823827,42.425065019660046,2.574400422532803,23459,91303.951171875,544,23.18939426233002,101.05921401393167
30/70,2000,10057,23459,camp,97.911249413871,1188.644111984945,48.189487504447236,4.19471948967548,23459,148770.3544921875,490,20.887505861289913,136.9804817504655
50/50,1996,16758,16758,access,97.66678601265068,1598.017966515629,26.058904085727363,2.77143519771673,16758,89275.2890625,391,23.332139873493258,101.71612990440632
50/50,1996,16758,16758,camp,99.28989139515456,1621.7204330861268,35.12772348585821,7.119039541254892,16758,229323.1728515625,119,7.101086048454469,749.5450955533073
50/50,1997,16758,16758,access,97.58324382384532,1599.9375170655637,27.833371994863732,2.641333723217026,16758,85084.375,405,24.167561761546725,110.99186011250417
50/50,1997,16758,16758,camp,99.0094283327366,1617.4337575484228,32.644804818804104,12.112979244870678,16758,390191.2353515625,166,9.905716672633966,372.48657467078465
50/50,1998,16758,16758,access,99.2719894975534,1598.2352119891277,26.86703196320888,2.9135460059788065,16758,93853.0556640625,122,7.280105024465927,140.04584147821177
50/50,1998,16758,16758,camp,99.37940088316029,1603.635999720655,32.19805759109954,9.215318184445573,16758,296849.8759765625,104,6.205991168397183,806.257440545827
50/50,1999,16758,16758,access,97.63098221744838,1597.2152345039333,25.777153923804224,2.5605686291771597,16758,82482.716796875,397,23.690177825516173,106.4648642334678
50/50,1999,16758,16758,camp,99.35553168635876,1629.6886596384788,31.663663444863154,9.233137964915938,16758,297423.8984375,108,6.44468313641246,799.5277753316328
50/50,2000,16758,16758,access,99.17054541114692,1613.8987072462899,25.228394112506088,2.658505072362261,16758,85637.509765625,139,8.294545888530852,117.53260004978252
50/50,2000,16758,16758,camp,99.28989139515456,1607.03441069455,32.849668624652914,10.222708406907643,16758,329300.5908203125,119,7.101086048454469,455.08623173324406
70/30,1996,23460,10056,access,98.96579156722355,2100.5449648099952,43.97100778510862,3.293031357449603,10056,86132.6826171875,104,10.342084327764518,536.4325512758239
70/30,1996,23460,10056,camp,96.65871121718376,2228.024636102674,78.40590673252889,7.7300922449515905,10056,202188.6552734375,336,33.41288782816229,180.57127817396415
70/30,1997,23460,10056,access,98.70723945902944,2090.489083841574,43.912113220718474,3.2612641603589254,10056,85301.7783203125,130,12.927605409705649,533.5186593699952
70/30,1997,23460,10056,camp,96.94709626093875,2246.4784461458944,76.37782799169136,21.95035783268188,10056,574134.5888671875,307,30.52903739061257,581.5707347251304
70/30,1998,23460,10056,access,99.38345266507558,1984.8572894447723,32.15674599392898,3.3399513379723644,10056,87359.923828125,62,6.165473349244232,628.8553312217749
70/30,1998,23460,10056,camp,96.86754176610978,2242.831621516803,79.39333207524167,8.682355575663243,10056,227096.099609375,315,31.324582338902147,260.6904988184263
70/30,1999,23460,10056,access,98.83651551312649,2120.493764497907,43.92806418717473,3.5187328561404754,10056,92036.1416015625,117,11.634844868735083,632.7216235968252
70/30,1999,23460,10056,camp,96.44988066825776,2320.116674731175,80.49897004420568,24.565768747698897,10056,642543.3994140625,357,35.501193317422434,318.43607724420116
70/30,2000,23460,10056,access,98.95584725536993,2061.280808929609,43.78889967465711,3.3987003007295766,10056,88896.564453125,105,10.441527446300716,586.2112180038033
70/30,2000,23460,10056,camp,96.72832140015912,2294.25917321239,80.22361807998115,17.687983113447224,10056,462647.7158203125,329,32.71678599840891,406.84450672098865
85/15,1996,28490,5026,access,98.26900119379228,1089.9456064850647,21.749952267615047,1.7630308922374378,5026,26067.44921875,87,17.3099880620772,63.46935603925565
85/15,1996,28490,5026,camp,99.38320732192598,998.3115124221302,26.51253352751508,2.3183084511756684,5026,34277.5546875,31,6.167926780740151,39.873795930950386
85/15,1997,28490,5026,access,97.47313967369678,1130.5109547734526,21.32255379289461,1.7226481889871155,5026,25470.3671875,127,25.268603263032233,52.93020467860632
85/15,1997,28490,5026,camp,99.10465578989256,1004.291235480396,24.197125859276102,43.969031899181196,5026,650108.0107421875,45,8.953442101074414,196.05661197218268
85/15,1998,28490,5026,access,97.19458814166335,1046.9629900953064,21.491834010192502,1.7334456276405215,5026,25630.013671875,141,28.054118583366492,58.25141336682876
85/15,1998,28490,5026,camp,99.46279347393553,1067.3255840193274,27.253775417306958,5.619444710467391,5026,83086.796875,27,5.372065260644648,52.70998111583702
85/15,1999,28490,5026,access,97.47313967369678,1067.5433422973292,21.643211679361933,1.7319555787286138,5026,25607.982421875,127,25.268603263032233,60.31667338230451
85/15,1999,28490,5026,camp,97.49303621169916,1166.7624133158834,25.179239474387828,2.382683121500527,5026,35229.3720703125,126,25.069637883008355,37.21522315633509
85/15,2000,28490,5026,access,97.13489852765619,1058.6012117758344,21.675256114476653,1.7230728793463161,5026,25476.646484375,144,28.65101472343812,55.54988556417453
85/15,2000,28490,5026,camp,98.48786311181854,1024.0128186139243,25.08237194351377,1.6555243916294409,5026,24477.90234375,76,15.121368881814563,35.32099951763839
90/10,1996,30166,3350,access,98.80597014925372,787.0845480140896,14.316846202456816,1.9571033747586073,3350,19306.0869140625,40,11.940298507462687,83.91799079766314
90/10,1996,30166,3350,camp,97.19402985074626,859.3461727581763,12.504769073469319,1.4965851290088077,3350,14763.248046875,94,28.05970149253731,27.39769031777285
90/10,1997,30166,3350,access,99.19402985074626,798.583583511477,14.924260175004234,1.9728068821393112,3350,19460.99609375,27,8.059701492537314,83.84126316999853
90/10,1997,30166,3350,camp,97.76119402985076,840.9064068449553,11.247842864041893,1.5163610527065323,3350,14958.330078125,75,22.388059701492537,27.835603283291753
90/10,1998,30166,3350,access,99.58208955223881,807.3412305529456,14.742648725013035,1.9609122625675717,3350,19343.66015625,14,4.17910447761194,82.3650456892952
90/10,1998,30166,3350,camp,97.97014925373134,864.2629534378275,14.237921996289755,1.51217182059706,3350,14917.0048828125,68,20.298507462686565,27.3380120019495
90/10,1999,30166,3350,access,99.31343283582089,807.4525510279101,13.459242284508067,1.9663087561931016,3350,19396.89453125,23,6.865671641791045,83.84363717193574
90/10,1999,30166,3350,camp,98.02985074626865,851.2500220840657,12.54339892853521,1.565355081007276,3350,15441.6376953125,66,19.701492537313435,27.88415150207202
90/10,2000,30166,3350,access,99.25373134328358,800.488203615467,14.7789991439357,1.91720563382178,3350,18912.5107421875,25,7.462686567164179,71.29647016924439
90/10,2000,30166,3350,camp,97.19402985074626,855.867610479778,13.332097872648301,1.5494365533713135,3350,15284.607421875,94,28.05970149253731,27.78438950566849
