split,seed,contract,test_rows,access_underallocations,camp_underallocations,underallocation_reduction_percent,coverage_gain_percentage_points,request_change_percent,request_to_peak_change_percent,unused_memory_time_change_percent,point_mdape_change_percentage_points
30/70,1996,uniform_global_tail,23459,569,351,38.3128295254833,0.9292808730125017,-23.139740241609005,-23.139740241609005,8.922355232672064,-4.106736555076004
30/70,1996,uniform_process_tail,23459,569,831,-46.04569420035149,-1.116842150134275,9.914955803263714,9.914955803263721,-3.7137348083037396,-4.106736555076004
30/70,1996,legacy_mixed,23459,569,351,38.3128295254833,0.9292808730125017,-23.139740241609005,-23.139740241609005,8.922355232672064,-4.106736555076004
30/70,1997,uniform_global_tail,23459,722,1102,-52.63157894736842,-1.6198473933245197,-30.424146194167275,-30.424146194167275,5.044352361396061,-1.9654392478131442
30/70,1997,uniform_process_tail,23459,722,826,-14.404432132963988,-0.44332665501512736,82.42086729446494,82.42086729446495,29.133574009261377,-1.9654392478131442
30/70,1997,legacy_mixed,23459,722,1102,-52.63157894736842,-1.6198473933245197,-30.424146194167275,-30.424146194167275,5.044352361396061,-1.9654392478131442
30/70,1998,uniform_global_tail,23459,503,266,47.11729622266402,1.010273242678707,-4.791950975189099,-4.791950975189094,49.361251874532954,0.44402206704917546
30/70,1998,uniform_process_tail,23459,503,921,-83.1013916500994,-1.781832132656973,20.143119102852438,20.143119102852452,30.854378638402864,0.44402206704917546
30/70,1998,legacy_mixed,23459,503,266,47.11729622266402,1.010273242678707,-4.791950975189099,-4.791950975189094,49.361251874532954,0.44402206704917546
30/70,1999,uniform_global_tail,23459,470,619,-31.70212765957447,-0.6351506884351465,3.7827509050539354,3.782750905053942,-1.7247718650340549,-7.165284250889769
30/70,1999,uniform_process_tail,23459,470,752,-60.0,-1.2020972760987263,112.15252671919899,112.15252671919902,14.447425001061431,-7.165284250889769
30/70,1999,legacy_mixed,23459,470,619,-31.70212765957447,-0.6351506884351465,3.7827509050539354,3.782750905053942,-1.7247718650340549,-7.165284250889769
30/70,2000,uniform_global_tail,23459,544,373,31.433823529411764,0.7289313269960331,11.73189062468481,11.731890624684814,19.757730413870277,5.76442248478719
30/70,2000,uniform_process_tail,23459,544,490,9.926470588235293,0.23018884010400598,62.93966754202668,62.93966754202668,35.54477252473173,5.76442248478719
30/70,2000,legacy_mixed,23459,544,373,31.433823529411764,0.7289313269960331,11.73189062468481,11.731890624684814,19.757730413870277,5.76442248478719
50/50,1996,uniform_global_tail,16758,391,175,55.24296675191816,1.2889366272824816,21.538219387591244,21.538219387591244,614.364048298286,9.068819400130849
50/50,1996,uniform_process_tail,16758,391,119,69.56521739130434,1.62310538250388,156.8719466044154,156.87194660441537,636.8989522681763,9.068819400130849
50/50,1996,legacy_mixed,16758,391,175,55.24296675191816,1.2889366272824816,21.538219387591244,21.538219387591244,614.364048298286,9.068819400130849
50/50,1997,uniform_global_tail,16758,405,115,71.60493827160494,1.7305167681107605,270.57860992764535,270.5786099276454,652.1714403445832,4.811432823940372
50/50,1997,uniform_process_tail,16758,405,166,59.01234567901235,1.4261845088912821,358.5932908969038,358.59329089690385,235.59810088165275,4.811432823940372
50/50,1997,legacy_mixed,16758,405,115,71.60493827160494,1.7305167681107605,270.57860992764535,270.5786099276454,652.1714403445832,4.811432823940372
50/50,1998,uniform_global_tail,16758,122,71,41.80327868852459,0.3043322592194784,32.18169789169986,32.18169789169987,142.95833041391418,5.331025627890661
50/50,1998,uniform_process_tail,16758,122,104,14.754098360655737,0.10741138560688057,216.29218023450034,216.29218023450034,475.7096619475587,5.331025627890661
50/50,1998,legacy_mixed,16758,122,71,41.80327868852459,0.3043322592194784,32.18169789169986,32.18169789169987,142.95833041391418,5.331025627890661
50/50,1999,uniform_global_tail,16758,397,113,71.53652392947103,1.6947129729084622,42.42861626006831,42.42861626006831,468.8494201921444,5.8865095210589296
50/50,1999,uniform_process_tail,16758,397,108,72.79596977329975,1.7245494689103822,260.589357367977,260.589357367977,650.9780631273252,5.8865095210589296
50/50,1999,legacy_mixed,16758,397,113,71.53652392947103,1.6947129729084622,42.42861626006831,42.42861626006831,468.8494201921444,5.8865095210589296
50/50,2000,uniform_global_tail,16758,139,128,7.913669064748201,0.065640291204204,257.5087604103461,257.50876041034604,638.3169759839219,7.621274512146826
50/50,2000,uniform_process_tail,16758,139,119,14.388489208633093,0.11934598400763718,284.52845221860264,284.5284522186026,287.2000036930062,7.621274512146826
50/50,2000,legacy_mixed,16758,139,128,7.913669064748201,0.065640291204204,257.5087604103461,257.50876041034604,638.3169759839219,7.621274512146826
70/30,1996,uniform_global_tail,10056,104,61,41.34615384615385,0.42760540970564875,-10.540837890379132,-10.540837890379125,-18.203636198160766,34.43489894742027
70/30,1996,uniform_process_tail,10056,104,336,-223.07692307692307,-2.307080350039783,134.74092426919418,134.7409242691942,-66.33849348916232,34.43489894742027
70/30,1996,legacy_mixed,10056,104,61,41.34615384615385,0.42760540970564875,-10.540837890379132,-10.540837890379125,-18.203636198160766,34.43489894742027
70/30,1997,uniform_global_tail,10056,130,50,61.53846153846154,0.7955449482895744,-5.870756124444715,-5.870756124444714,-21.978977455041598,32.46571477097289
70/30,1997,uniform_process_tail,10056,130,307,-136.15384615384616,-1.760143198090688,573.0628600863197,573.0628600863196,9.006634446839655,32.46571477097289
70/30,1997,legacy_mixed,10056,130,50,61.53846153846154,0.7955449482895744,-5.870756124444715,-5.870756124444714,-21.978977455041598,32.46571477097289
70/30,1998,uniform_global_tail,10056,62,37,40.32258064516129,0.2486077963404938,-8.545869446670665,-8.545869446670668,-25.67390536059348,47.236586081312694
70/30,1998,uniform_process_tail,10056,62,315,-408.06451612903226,-2.5159108989657994,159.95455313831533,159.9545531383153,-58.54523514781335,47.236586081312694
70/30,1998,legacy_mixed,10056,62,37,40.32258064516129,0.2486077963404938,-8.545869446670665,-8.545869446670668,-25.67390536059348,47.236586081312694
70/30,1999,uniform_global_tail,10056,117,81,30.76923076923077,0.3579952267303099,-10.03470539219748,-10.034705392197484,-13.95974199660278,36.570905857030944
70/30,1999,uniform_process_tail,10056,117,357,-205.12820512820514,-2.3866348448687233,598.1424777624034,598.1424777624032,-49.67200971669163,36.570905857030944
70/30,1999,legacy_mixed,10056,117,81,30.76923076923077,0.3579952267303099,-10.03470539219748,-10.034705392197484,-13.95974199660278,36.570905857030944
70/30,2000,uniform_global_tail,10056,105,82,21.904761904761905,0.22871917263324804,-12.67811337355491,-12.678113373554904,-19.713987536836086,36.43471840532404
70/30,2000,uniform_process_tail,10056,105,329,-213.33333333333334,-2.227525855210814,420.4337407935104,420.4337407935104,-30.597625185953184,36.43471840532404
70/30,2000,legacy_mixed,10056,105,82,21.904761904761905,0.22871917263324804,-12.67811337355491,-12.678113373554904,-19.713987536836086,36.43471840532404
85/15,1996,uniform_global_tail,5026,87,159,-82.75862068965517,-1.4325507361719048,0.5770449466505686,0.5770449466505805,-19.08183855491048,4.762581259900035
85/15,1996,uniform_process_tail,5026,87,31,64.36781609195403,1.1142061281337021,31.495622758687762,31.495622758687777,-37.176302992126566,4.762581259900035
85/15,1996,legacy_mixed,5026,87,31,64.36781609195403,1.1142061281337021,31.495622758687762,31.495622758687777,-37.176302992126566,4.762581259900035
85/15,1997,uniform_global_tail,5026,127,112,11.811023622047244,0.29844807003581764,2.685956750598965,2.685956750598969,14.179059663179808,2.874572066381493
85/15,1997,uniform_process_tail,5026,127,45,64.56692913385827,1.6315161161957832,2452.4092603629156,2452.4092603629156,270.4059207075504,2.874572066381493
85/15,1997,legacy_mixed,5026,127,45,64.56692913385827,1.6315161161957832,2452.4092603629156,2452.4092603629156,270.4059207075504,2.874572066381493
85/15,1998,uniform_global_tail,5026,141,37,73.75886524822695,2.06923995224831,247.81896331716194,247.81896331716194,51.132547071033116,5.761941407114456
85/15,1998,uniform_process_tail,5026,141,27,80.85106382978724,2.2682053322721885,224.17773138441586,224.17773138441584,-9.512957593141088,5.761941407114456
85/15,1998,legacy_mixed,5026,141,27,80.85106382978724,2.2682053322721885,224.17773138441586,224.17773138441584,-9.512957593141088,5.761941407114456
85/15,1999,uniform_global_tail,5026,127,86,32.28346456692913,0.8157580580978845,3.655140795865425,3.655140795865419,-5.011062409102814,3.5360277950258947
85/15,1999,uniform_process_tail,5026,127,126,0.7874015748031497,0.019896538002385,37.57183791339477,37.57183791339477,-38.30027242972395,3.5360277950258947
85/15,1999,legacy_mixed,5026,127,126,0.7874015748031497,0.019896538002385,37.57183791339477,37.57183791339477,-38.30027242972395,3.5360277950258947
85/15,2000,uniform_global_tail,5026,144,95,34.02777777777778,0.9749303621169929,4.097092442887531,4.097092442887534,12.662300224534356,3.4071158290371173
85/15,2000,uniform_process_tail,5026,144,76,47.22222222222222,1.3529645841623505,-3.9202339336047882,-3.920233933604782,-36.415711465627645,3.4071158290371173
85/15,2000,legacy_mixed,5026,144,76,47.22222222222222,1.3529645841623505,-3.9202339336047882,-3.920233933604782,-36.415711465627645,3.4071158290371173
90/10,1996,uniform_global_tail,3350,40,22,45.0,0.5373134328358304,-8.91778231575989,-8.917782315759897,-42.82469134748446,-1.8120771289874966
90/10,1996,uniform_process_tail,3350,40,94,-135.0,-1.611940298507463,-23.530604039073857,-23.530604039073857,-67.35182759102021,-1.8120771289874966
90/10,1996,legacy_mixed,3350,40,22,45.0,0.5373134328358304,-8.91778231575989,-8.917782315759897,-42.82469134748446,-1.8120771289874966
90/10,1997,uniform_global_tail,3350,27,27,0.0,0.0,-6.479958410402217,-6.479958410402211,-23.470247287045396,-3.676417310962341
90/10,1997,uniform_process_tail,3350,27,75,-177.77777777777777,-1.4328358208955052,-23.13687333338017,-23.136873333380162,-66.7996375163723,-3.676417310962341
90/10,1997,legacy_mixed,3350,27,27,0.0,0.0,-6.479958410402217,-6.479958410402211,-23.470247287045396,-3.676417310962341
90/10,1998,uniform_global_tail,3350,14,23,-64.28571428571429,-0.2686567164179223,-6.619871215072283,-6.619871215072285,-27.38522840149604,-0.5047267287232806
90/10,1998,uniform_process_tail,3350,14,68,-385.7142857142857,-1.611940298507477,-22.884269252462197,-22.8842692524622,-66.80872113508393,-0.5047267287232806
90/10,1998,legacy_mixed,3350,14,23,-64.28571428571429,-0.2686567164179223,-6.619871215072283,-6.619871215072285,-27.38522840149604,-0.5047267287232806
90/10,1999,uniform_global_tail,3350,23,70,-204.34782608695653,-1.402985074626855,-8.556379333434696,-8.556379333434702,-33.533024060136896,-0.9158433559728572
90/10,1999,uniform_process_tail,3350,23,66,-186.95652173913044,-1.2835820895522403,-20.39118596827577,-20.39118596827577,-66.7426742891762,-0.9158433559728572
90/10,1999,legacy_mixed,3350,23,70,-204.34782608695653,-1.402985074626855,-8.556379333434696,-8.556379333434702,-33.533024060136896,-0.9158433559728572
90/10,2000,uniform_global_tail,3350,25,62,-148.0,-1.1044776119402826,-6.620379997099101,-6.620379997099096,-29.889242634263194,-1.4469012712873983
90/10,2000,uniform_process_tail,3350,25,94,-276.0,-2.0597014925373145,-19.18255788333729,-19.182557883337292,-61.02978248472388,-1.4469012712873983
90/10,2000,legacy_mixed,3350,25,62,-148.0,-1.1044776119402826,-6.620379997099101,-6.620379997099096,-29.889242634263194,-1.4469012712873983
