cohort	budget	evaluation	operating_point	repetitions	selective_minus_random_rate	ci_low	ci_high	selective_rate	random_rate
rq4	0.05	after_first_update	matched	5	-0.02899162125739732	-0.05684654596589911	-0.0022221245678796867	0.015995781332395854	0.04498740258979317
rq4	0.05	after_first_update	native	5	-0.0012304447178766048	-0.0034452452100544916	0.00036327415480166337	0.015995781332395854	0.017226226050272454
rq4	0.05	all_batches	matched	5	-0.023189764259267935	-0.045470309790504745	-0.0009092187280311202	0.015653559544453296	0.03884332380372123
rq4	0.05	all_batches	native	5	-0.0009842058396213153	-0.002549561794066645	0.00029057505741200625	0.015653559544453296	0.01663776538407461
rq4	0.1	after_first_update	matched	5	-0.059061346458076994	-0.09034979785551063	-0.027772895060643343	0.01653483330403703	0.07559617976211401
rq4	0.1	after_first_update	native	5	0.000351555633679029	-0.0008085779574617688	0.0015116892248198267	0.01653483330403703	0.016183277670358
rq4	0.1	all_batches	matched	5	-0.04724188030182313	-0.07226882879505085	-0.019834091015606698	0.01608473543609692	0.06332661573792005
rq4	0.1	all_batches	native	5	0.00028120166846323303	-0.0006467638374654351	0.0012091671743919015	0.01608473543609692	0.015803533767633687
rq4	0.2	after_first_update	matched	5	-0.03036268822874553	-0.06808460772250542	-0.0012371828675221462	0.015573914571981012	0.04593660280072655
rq4	0.2	after_first_update	native	5	-0.0023437042245268653	-0.0041600749985351865	7.031112673580551e-05	0.015573914571981012	0.01791761879650788
rq4	0.2	all_batches	matched	5	-0.024286450766274552	-0.053874490321975915	-0.0009935792285700891	0.015316117542297416	0.039602568308571964
rq4	0.2	all_batches	native	5	-0.001874677789754886	-0.003327553076814922	5.6240333692646896e-05	0.015316117542297416	0.017190795332052304
rq4	0.3	after_first_update	matched	5	-0.057584812796625064	-0.11848596707095564	-0.011624772953653249	0.016382492529442783	0.07396730532606785
rq4	0.3	after_first_update	native	5	-0.0017343411261498804	-0.004031171266186208	0.001722622605027245	0.016382492529442783	0.018116833655592662
rq4	0.3	all_batches	matched	5	-0.04606083329427754	-0.09477433566105826	-0.009298401837184233	0.015962881379762855	0.06202371467404041
rq4	0.3	all_batches	native	5	-0.001387261564418615	-0.003224445798378403	0.0014153817312649378	0.015962881379762855	0.017350142944181468
rq4	0.5	after_first_update	matched	5	-0.08389289271693912	-0.10725962383547194	-0.04420226167457667	0.01755434464170622	0.10144723735864533
rq4	0.5	after_first_update	native	5	0.0008671705630749395	-0.001019511337669186	0.0026483857737153566	0.01755434464170622	0.016687174078631278
rq4	0.5	all_batches	matched	5	-0.06710409148427614	-0.08543844026807892	-0.034194122885129116	0.016900220274640297	0.08400431175891643
rq4	0.5	all_batches	native	5	0.000693630782209307	-0.0007967380606458275	0.00211838590242302	0.016900220274640297	0.01620658949243099
