budget,seed,test_tasks,audited_test_tasks,paper_test_underallocations,paper_test_coverage_percent,paper_camp_unused_gib_hours,paper_allocation_savings_gib_hours,paper_audit_cost_gib_hours,paper_net_gib_hours,missing_audit_runtimes,missing_savings_runtimes
0.05,1996,5026,251,31,99.38320732192598,39.87379593095025,23.59556010830527,6.146947131420889,17.448612976884384,0,449
0.05,1997,5026,251,31,99.38320732192598,39.87379593095025,23.59556010830527,5.74324700773735,17.852313100567926,0,449
0.05,1998,5026,251,31,99.38320732192598,39.87379593095025,23.59556010830527,6.0727938939523565,17.522766214352917,0,449
0.05,1999,5026,251,31,99.38320732192598,39.87379593095025,23.59556010830527,6.419077854732792,17.17648225357248,0,449
0.05,2000,5026,251,31,99.38320732192598,39.87379593095025,23.59556010830527,5.612495529293067,17.983064579012208,0,449
0.1,1996,5026,503,31,99.38320732192598,39.87379593095025,23.59556010830527,13.255660696017504,10.339899412287771,0,449
0.1,1997,5026,503,31,99.38320732192598,39.87379593095025,23.59556010830527,12.991513024799515,10.604047083505762,0,449
0.1,1998,5026,503,31,99.38320732192598,39.87379593095025,23.59556010830527,11.743706167990975,11.8518539403143,0,449
0.1,1999,5026,503,31,99.38320732192598,39.87379593095025,23.59556010830527,12.253332962062156,11.342227146243118,0,449
0.1,2000,5026,503,31,99.38320732192598,39.87379593095025,23.59556010830527,11.926127696925981,11.669432411379294,0,449
0.15,1996,5026,754,31,99.38320732192598,39.87379593095025,23.59556010830527,18.249398168192787,5.346161940112484,0,449
0.15,1997,5026,754,31,99.38320732192598,39.87379593095025,23.59556010830527,17.635120102049125,5.9604400062561504,0,449
0.15,1998,5026,754,31,99.38320732192598,39.87379593095025,23.59556010830527,17.31639965579126,6.279160452514015,0,449
0.15,1999,5026,754,31,99.38320732192598,39.87379593095025,23.59556010830527,17.50898361785967,6.086576490445603,0,449
0.15,2000,5026,754,31,99.38320732192598,39.87379593095025,23.59556010830527,17.703250497947565,5.892309610357714,0,449
0.2,1996,5026,1005,31,99.38320732192598,39.87379593095025,23.59556010830527,24.69681974265865,-1.1012596343533794,0,449
0.2,1997,5026,1005,31,99.38320732192598,39.87379593095025,23.59556010830527,24.7836274496956,-1.1880673413903255,0,449
0.2,1998,5026,1005,31,99.38320732192598,39.87379593095025,23.59556010830527,23.581691079829064,0.013869028476211742,0,449
0.2,1999,5026,1005,31,99.38320732192598,39.87379593095025,23.59556010830527,22.656606684518735,0.9389534237865429,0,449
0.2,2000,5026,1005,31,99.38320732192598,39.87379593095025,23.59556010830527,24.403830653713342,-0.8082705454080643,0,449
0.25,1996,5026,1257,31,99.38320732192598,39.87379593095025,23.59556010830527,30.33634935244597,-6.740789244140695,0,449
0.25,1997,5026,1257,31,99.38320732192598,39.87379593095025,23.59556010830527,29.919226340071027,-6.323666231765749,0,449
0.25,1998,5026,1257,31,99.38320732192598,39.87379593095025,23.59556010830527,28.759925218012647,-5.1643651097073775,0,449
0.25,1999,5026,1257,31,99.38320732192598,39.87379593095025,23.59556010830527,28.820556576517422,-5.224996468212147,0,449
0.25,2000,5026,1257,31,99.38320732192598,39.87379593095025,23.59556010830527,30.575367669327754,-6.9798075610224775,0,449
0.3,1996,5026,1508,31,99.38320732192598,39.87379593095025,23.59556010830527,36.665930000377,-13.07036989207173,0,449
0.3,1997,5026,1508,31,99.38320732192598,39.87379593095025,23.59556010830527,35.75458284731792,-12.159022739012649,0,449
0.3,1998,5026,1508,31,99.38320732192598,39.87379593095025,23.59556010830527,34.45785763747905,-10.862297529173778,0,449
0.3,1999,5026,1508,31,99.38320732192598,39.87379593095025,23.59556010830527,37.050963818177294,-13.455403709872023,0,449
0.3,2000,5026,1508,31,99.38320732192598,39.87379593095025,23.59556010830527,35.34588720941726,-11.750327101111985,0,449
0.5,1996,5026,2513,31,99.38320732192598,39.87379593095025,23.59556010830527,67.14325704500506,-43.54769693669978,0,449
0.5,1997,5026,2513,31,99.38320732192598,39.87379593095025,23.59556010830527,65.918441076943,-42.32288096863772,0,449
0.5,1998,5026,2513,31,99.38320732192598,39.87379593095025,23.59556010830527,66.84883800725035,-43.253277898945065,0,449
0.5,1999,5026,2513,31,99.38320732192598,39.87379593095025,23.59556010830527,64.64715793780073,-41.05159782949546,0,449
0.5,2000,5026,2513,31,99.38320732192598,39.87379593095025,23.59556010830527,68.11170503971454,-44.51614493140926,0,449
1.0,1996,5026,5026,31,99.38320732192598,39.87379593095025,23.59556010830527,139.68000828977927,-116.08444818147402,0,449
1.0,1997,5026,5026,31,99.38320732192598,39.87379593095025,23.59556010830527,139.68000828977927,-116.08444818147402,0,449
1.0,1998,5026,5026,31,99.38320732192598,39.87379593095025,23.59556010830527,139.68000828977927,-116.08444818147402,0,449
1.0,1999,5026,5026,31,99.38320732192598,39.87379593095025,23.59556010830527,139.68000828977927,-116.08444818147402,0,449
1.0,2000,5026,5026,31,99.38320732192598,39.87379593095025,23.59556010830527,139.68000828977927,-116.08444818147402,0,449
